,Name,address,pincode,website,phone number,scrap
0,Pandit Ram Adhare Goshala Samiti,"65W6+RV4, Bhelauji Buzurg, Bhelauji Khurd, Uttar Pradesh 272208",272208,, ,272206
1,Pandit Ramadhare Goshala,"65X7+624, Bhelauji Buzurg, Uttar Pradesh 272208",272208,, ,272206
2,Hinda baba gaushala,"Mahadeya, Taraini, Uttar Pradesh 272202",272202,, ,272206
3,Brihad Gaushala kevtali,"8PRR+QHW, Kevtali, Uttar Pradesh 272205",272205,, ,272205
4,Kanha gaushala,"GMJ5+F6R, Motipur Harahwa, Uttar Pradesh 271206",271206,, ,272205
5,Hinda baba gaushala,"Mahadeya, Taraini, Uttar Pradesh 272202",272202,, ,272205
6,Pandit Ramadhare Goshala,"65X7+624, Bhelauji Buzurg, Uttar Pradesh 272208",272208,, ,272205
7,Pandit Ramadhare Goshala,"65X7+624, Bhelauji Buzurg, Uttar Pradesh 272208",272208,, ,272207
8,Pandit Ram Adhare Goshala Samiti,"65W6+RV4, Bhelauji Buzurg, Bhelauji Khurd, Uttar Pradesh 272208",272208,, ,272207
9,Pandit Ram Adhare Goshala Samiti,"65W6+RV4, Bhelauji Buzurg, Bhelauji Khurd, Uttar Pradesh 272208",272208,, ,272208
10,Pandit Ramadhare Goshala,"65X7+624, Bhelauji Buzurg, Uttar Pradesh 272208",272208,, ,272208
11,Aditya Mobile Gausala Uska Bazar,"Gausala, Parsa Khurd, Uttar Pradesh 272208",272208,, ,272208
12,Shree Ghanshyam Gaushala Chhapaiya,"X98Q+VRH, Babhnan-Chhapaiya-Parasrampur Rd, Road, Chhapaiya, Tenduva Ranipur, Uttar Pradesh 271305",271305,, ,272127
13,Mahabalsingh Gaushala,"P64R+W4V, MANATARA, Sanethu, Baisingh, Uttar Pradesh 224135",224135,, ,272127
14,Ranjeet Light Gaushala chauraha basti 272130,"Basti, Dhurdah, Uttar Pradesh 272130",272130,,090441 01721,272127
15,Maniramdas Chavni Gaushala,"Q6RH+H3G, Faizabad Rd, near HP petrol pump, Ayodhya, Uttar Pradesh 224135",224135,, ,272127
16,Jaiswal tent house Gaushala Chauraha,"Gaushala, Jangal, Choraha, Dhurdah, Uttar Pradesh 272130",272130,, ,272127
17,Gosala,"WFRV+2GH sugar mill, Babhnan, Uttar Pradesh 271313",271313,,096482 46772,272127
18,Jaitapur Post Office,"P97X+MP2, Jaitapur, Dhirauli Babu, Uttar Pradesh 272127",272127,http://www.indiapost.gov.in/,1800 11 2011,272127
19,Jagdish pur state gaushala,"V9G4+P84, Unnamed Road, Uttar Pradesh 272130",272130,, ,272127
20,Kanha Upwan Gaushala,"Kanha Upwan Gaushala, Baisingh, Uttar Pradesh 224135",224135,, ,272127
21,SHRI KRISHNA GAUSHALA,"Shri Krishna Gaushala, Disposal Rd, Agwar Gujjran, Jagraon, Punjab 142026",142026,http://shrikrishnagaushalajgn.com/,098156 55004,142026
22,Gaushala,"3436, Lahorian St, Gandhi Nagar, Jagraon, Punjab 142026",142026,, ,142026
23,Dera Baba nanak gaushala Dholan,"Dholan, Jagraon, Punjab 142026",142026,, ,142026
24,Gau Shala,"M6X9+88Q, basant nagar, Krishna Nagar, Khanna, Punjab 141401",141401,,098140 40697,141401
25,Gauri Shankar Gaushala,"M5HQ+VMF, Baghor, Khanna, Baghaur, Punjab 141401",141401,, ,141401
26,Shree Gobind Gaushala,"P623+VHG, Ranjit Nagar, Khanna, Punjab 141401",141401,, ,141401
27,"Gauri Shankar Gaushala,Baghour, Khanna","P623+749, Malerkotla Rd, Village Baghour, Ranjit Nagar, Khanna, Punjab 141401",141401,,098885 05340,141401
28,"New Gaushala, Mandi Gobindgarh","426, Kacha Dalip Nagar, Mandi Gobindgarh, Punjab 147301",147301,,098771 33858,141401
29,Nasrali Gaushala,"M7FP+7F3, Nasrali Rd, Nasrali, Mandi Gobindgarh, Punjab 147301",147301,, ,141401
30,Shri Krishna Gaushala,"M78M+J9X, Mandi Gobindgarh, Punjab 147301",147301,, ,141401
31,Bhambri Dairy Farm,"Gaushala Road, opposite Govardhan Gaushala, Katika Muhalla, Anant Nagar, Khanna, Punjab 141401",141401,,094173 17801,141401
32,Sohan Singh,"Gaushala, Shop 0 Gaushala Road Near Tanki No2, Road, Khanna, Punjab 141401",141401,,098883 04869,141401
33,CHAND CATTEL FODDER,"GAUSHALA ROAD, Katika Muhalla, Anant Nagar, Khanna, Punjab 141401",141401,,092178 02122,141401
34,JOGINDER SINGH & SONS,"P623+JR2, Gaushala Rd, Ranjit Nagar, Khanna, Punjab 141401",141401,, ,141401
35,Shri Nangli Ashram Bai Ji Ki kutia,"Near 141401, Gaushala Rd, Khanna, Punjab 147301",147301,, ,141401
36,NEW SANT NAGAR,"Gaushala, Mandi Gobindgarh, Punjab 147301",147301,, ,141401
37,Rishu Puri Karyana Store,"Shop 1, Purana Bazar, Gaushala Road, Ravi Das Puri Muhalla, Gaushala Road, Khanna, Punjab 141401",141401,,098556 21053,141401
38,Abhi House,"P633+4WQ, Gaushala Rd, Ranjit Nagar, Khanna, Punjab 141401",141401,, ,141401
39,SANDEEP KAUR,"GAUSHALA ROAD KHANNA GAUSHALA ROAD, Street Number 5, NEAR CHUNGI, Khanna, Punjab 141401",141401,,082649 71781,141401
40,Thour Ayurvedic Bhawan,"Gaushala Chowk, near life line hospital, Ravi Das Puri Muhalla, Anant Nagar, Khanna, Punjab 141401",141401,, ,141401
41,Shri Radha Krishna Gaushala,"J9CV+7RG, Shamsher Nagar, Sirhind, Punjab 140406",140406,, ,141401
42,Krishna General Store,"Malerkotla Rd, Gaushala chowk, Khanna, Punjab 141401",141401,,085569 42783,141401
43,SUKHDEV SINGH,"GAUSHALA ROAD, GAUSHALA ROAD, Katika Muhalla, Anant Nagar, Khanna, Punjab 141401",141401,,079867 54847,141401
44,Gaushala Sabha Regi. Landhaura,"RW7R+GGV, Haridwar, Uttarakhand 247664",247664,, ,247664
45,Shree Gaurksh Nath Gaushala,"RW7R+HG6, Haridwar, Uttarakhand 247664",247664,, ,247664
46,Deep Gaushala dairy farm,"VXMR+5V, Meerpur, near by Patanjali, Sikandarpur, Haridwar, Meerpur Sikandarpur, Uttarakhand 249405",249405,,098773 94870,247664
47,Gaushala Sabha,"VV9H+2JP, BSM College Road, near Kaushik Pathology Clinic, Chow Mandi, Chand Puri Nagar, Roorkee, Uttarakhand 247667",247667,, ,247664
48,गौशाला सभा चाव मण्डी,"purani, Railway Rd, Chow Mandi, Roorkee, Uttarakhand 247667",247667,https://gaushalasbha.blogspot.com/, ,247664
49,Shri Gopinath ji Gaushala,"Jhiryan Grunt, Uttarakhand 247667",247667,,080571 97051,247664
50,Shree Gaurksh Nath Gaushala,"RW7R+HG6, Haridwar, Uttarakhand 247664",247664,, ,247656
51,Gaushala Sabha,"VV9H+2JP, BSM College Road, near Kaushik Pathology Clinic, Chow Mandi, Chand Puri Nagar, Roorkee, Uttarakhand 247667",247667,, ,247656
52,Pandi Ji Ki Gaushala,"Pandit Ji Ki Gaushala, Laksar Rd, Kirti Nagar, Dhandera, Roorkee, Uttarakhand 247667",247667,,092591 93824,247656
53,Deep Gaushala dairy farm,"VXMR+5V, Meerpur, near by Patanjali, Sikandarpur, Haridwar, Meerpur Sikandarpur, Uttarakhand 249405",249405,,098773 94870,247656
54,गौशाला सभा चाव मण्डी,"purani, Railway Rd, Chow Mandi, Roorkee, Uttarakhand 247667",247667,https://gaushalasbha.blogspot.com/, ,247656
55,Ram Krishna Gaushala,"VWW9+W57, Bhuryan puram, Bajuhari, Roorkee, Uttarakhand 247667",247667,,098971 57305,247656
56,Shri Neelkanth Varni Gaushala,"Laksar, Seedhru, Uttarakhand 247663",247663,,087911 44710,247656
57,Shri Gopinath ji Gaushala,"Jhiryan Grunt, Uttarakhand 247667",247667,,080571 97051,247656
58,Mata Bhagwati Gaushala,"Dev Sanskriti Vishwavidyalaya, Haripur Kalan, Haridwar, Motichur Range, Uttarakhand 249411",249411,http://www.dsvv.ac.in/, ,247656
59,Shree Brahma Maheshwar Gaushala,"W5M3+V4J, Mayapur, Haridwar, Uttarakhand 249401",249401,, ,247656
60,Saptrishi Ashram Gaushala,"X5VV+62W, Haripur Kalan, Haridwar, Motichur Range, Uttarakhand 249411",249411,, ,247656
61,Shri Krishna Gaushala,"AshaRam Bapuji ashram, Haripur Kalan, Haridwar, Uttarakhand 249411",249411,, ,247656
62,Gaushala Sabha Regi. Landhaura,"RW7R+GGV, Haridwar, Uttarakhand 247664",247664,, ,247656
63,gaushala dairy,"Sidcul Bypass Rd, near kala gate, Rawali Mahdood, Haridwar, Uttarakhand 249403",249403,, ,247656
64,Nandi Goshala,"CF35+24F, colony, Koti, Padiyar Gaon, Uttarakhand 248001",248001,, ,249131
65,Shri Sanatan Dharam Gaushala,"F34Q+7P8, Luxmanpuri, Rajmandi, Landour, Mussoorie, Uttarakhand 248179",248179,, ,249141
66,Nandi Goshala,"CF35+24F, colony, Koti, Padiyar Gaon, Uttarakhand 248001",248001,, ,249141
67,Ramakrishna Ashram Gaushala,"939J+V8X, Police Officers Colony, Kishanpur, Dehradun, Uttarakhand 248009",248009,, ,249141
68,Shri Gopinath ji Gaushala,"Jhiryan Grunt, Uttarakhand 247667",247667,,080571 97051,249141
69,Pihu Gaushala dairy,"CQ2X+J26, Dhaki Rd, Sahaspur, Chharba, Uttarakhand 248197",248197,, ,249141
70,Mata Bhagwati Gaushala,"Dev Sanskriti Vishwavidyalaya, Haripur Kalan, Haridwar, Motichur Range, Uttarakhand 249411",249411,http://www.dsvv.ac.in/, ,249141
71,Gaushala Sabha,"VV9H+2JP, BSM College Road, near Kaushik Pathology Clinic, Chow Mandi, Chand Puri Nagar, Roorkee, Uttarakhand 247667",247667,, ,249141
72,Sw. Ramteerth Ashram Gaushala,"C34P+6CM, Salan Gaon, Bhagwant Pur, Kuthal Gaon, Uttarakhand 248009",248009,, ,249141
73,Shree Gopal Goshala,"8JVG+JPR, Bargarh, Odisha 768028",768028,, ,768028
74,Balgopal gaushala,"8GC7+FJ8, Chakarkend, Jhankarpali, Odisha 768033",768033,, ,768028
75,Goshala Complex,"8JVG+PRQ, Bargarh, Odisha 768028",768028,, ,768028
76,Kasi Thevar Goshala,"XWF4+3RM, Kodikulam, Tamil Nadu 625514",625514,, ,625514
77,SHREE SANADHANA GOSHALA TRUST,"Aryan Mahal, 1/1014, Alagar Kovil Main Rd, opp. Katha kinaru, Janki Nagar, Kathakinaru, Kannikudi, Tamil Nadu 625107",625107,https://oneclickcards.com/SHREE-SANADHANA-GOSHALA-TRUST,097511 75112,625503
78,Shree Sanadhana Goshala . madurai,"Alagar Kovil Main Rd, Kathakinaru, Kannikudi, Tamil Nadu 625101",625101,https://mycrd.in/shree-sanadhana-goshala-trust,099949 26348,625503
79,Gupeswar gaushala,"8MH9+6F, Nagaon, Kumartup, Assam 782002",782002,, ,782001
80,Goshala,"998H+HWF, Sri Gnana Venkateshwara Swamy Devalayam, Gandhamguda, Bandlaguda Jagir, Telangana 500086",500086,, ,500086
81,SVAV GOSHALA,"89VV+RW9, Velly View Enclave, Bandlaguda Jagir, 500030mpl, Telangana 500030",500030,, ,500086
82,Sri Krishna Goshala,"Power Welfare Society, Narsingi, Kokapet, Hyderabad, Telangana 500075",500075,,1800 4254 6464,500086
83,గోశాల gosala,"Road no 23, Village, Alkapur Township, Pragathi Nagar, Rajendranagar mandal, Neknampur, Telangana 500089",500089,, ,500086
84,Gaushala,"G9FQ+C36, Vasanth Nagar Colony, Nizampet, Hyderabad, Telangana 500090",500090,, ,500086
85,Gowshala,"54, 1-2-607, Besides old DBR Mills, 8, Lower Tank Bund St, SBH Officers Colony, Lower Tank Bund, Kavadiguda, Hyderabad, Telangana 500080",500080,,1800 4254 6464,500086
86,Veera Hanuman Ghoshala,"H-21-62, Sriram Nagar, Jeedimetla, Hyderabad, Telangana 500055",500055,, ,500086
87,Sri Krishna Goshala,"Power Welfare Society, Narsingi, Kokapet, Hyderabad, Telangana 500075",500075,,1800 4254 6464,500077
88,"Sant Shri Asharamji Bapu Ashram ,Goushala","69WP+2HQ, Kishan Guda, Shamshabad, Hyderabad, Telangana 501218",501218,http://www.ashram.org/,093466 29423,500077
89,Gaushala,"G9FQ+C36, Vasanth Nagar Colony, Nizampet, Hyderabad, Telangana 500090",500090,, ,500077
90,Goshala - Ch.Shiva Math,"FCCM+GQV, Medak - Hyderabad Rd, Kukatpally Industrial Estate, Balanagar, Hyderabad, Telangana 500037",500037,, ,500077
91,Goshala,"Plot No. 111 & 112, North Kalyanpuri, Mallikarjuna Nagar, Uppal, Hyderabad, Telangana 500039",500039,, ,500077
92,Sri Gopal Goshala,"6MP6+8P4, Naganpally, Telangana 501510",501510,, ,500077
93,Gowshala,"54, 1-2-607, Besides old DBR Mills, 8, Lower Tank Bund St, SBH Officers Colony, Lower Tank Bund, Kavadiguda, Hyderabad, Telangana 500080",500080,,1800 4254 6464,500077
94,Sri Krishna Priya Goshala,"CH95+5GV, beside balaji enclave, North Kalyanpuri, Mallikarjuna Nagar, Uppal, Secunderabad, Hyderabad, Telangana 500039",500039,,093469 24787,500077
95,Veera Hanuman Ghoshala,"H-21-62, Sriram Nagar, Jeedimetla, Hyderabad, Telangana 500055",500055,, ,500077
96,ISKCON VKGT Goshala - Pure Cow Milk,"ISKCON Temple Campus Dabilpur Village, Medchal, Hyderabad, Telangana 501401",501401,http://www.iskconmedchal.org/,096547 89832,500077
97,GAUSHALA PATELNAGAR,"Patel Nagar Rd, Ratan Nagar, Amberpet, Hyderabad, Telangana 500013",500013,,095332 54254,500060
98,Goverdhanam Goshala,"Plot No : CA3b, RK Puram Rd Number 6, Ramakrishnapuram, Kothapet, Hyderabad, Telangana 500035",500035,http://hyderabadgoshala.com/,083095 93839,500060
99,Sri Veranjaneya swamy goshala madannapet market,"9G53+G9R, Saidabad, Hyderabad, Telangana 500059",500059,, ,500060
100,A2 Gaushala,"Saroornagar, Dhani Nagar, Saroor Nagar East, Saidabad, Hyderabad, Telangana 500059",500059,http://a2gaushala.com/?utm_source=gmb&utm_medium=referral,099894 77203,500060
101,Goshala,"8GXX+584, Saroor Nagar Rd, Shivapuri Colony, L. B. Nagar, Hyderabad, Telangana 500074",500074,, ,500060
102,Katyayani Goshala A2Milk,"9G3F+Q86, Saroornagar, Habeeb Nagar, Saroor Nagar East, Hyderabad, Telangana 500035",500035,, ,500060
103,Gowshala,"54, 1-2-607, Besides old DBR Mills, 8, Lower Tank Bund St, SBH Officers Colony, Lower Tank Bund, Kavadiguda, Hyderabad, Telangana 500080",500080,,1800 4254 6464,500060
104,Gopal Krishna Gaushala,"3-10-93/2, Gokhale Nagar Rd, Pasham Sataih Colony, Gokhale Nagar, Endowment Colony, Gaddi annaram, Hyderabad, Telangana 500013",500013,, ,500060
105,Shri Samarth Kamdhenu Gowshala,"SAMARTHA NARAYAN MAHARAJ ASHRAM, Shivbagh Nagar, MCH Colony, Keshav Swamy Nagar, Hyderabad, Telangana 500006",500006,https://www.narayanaashram.com/page.php?p=donation,092963 58630,500060
106,GAUSHALA PATELNAGAR,"Patel Nagar Rd, Ratan Nagar, Amberpet, Hyderabad, Telangana 500013",500013,,095332 54254,500013
107,Goshala,"Plot No. 111 & 112, North Kalyanpuri, Mallikarjuna Nagar, Uppal, Hyderabad, Telangana 500039",500039,, ,500013
108,Gopal Krishna Gaushala,"3-10-93/2, Gokhale Nagar Rd, Pasham Sataih Colony, Gokhale Nagar, Endowment Colony, Gaddi annaram, Hyderabad, Telangana 500013",500013,, ,500013
109,Goshala,"Plot No. 111 & 112, North Kalyanpuri, Mallikarjuna Nagar, Uppal, Hyderabad, Telangana 500039",500039,, ,500076
110,Sri Krishna Priya Goshala,"CH95+5GV, beside balaji enclave, North Kalyanpuri, Mallikarjuna Nagar, Uppal, Secunderabad, Hyderabad, Telangana 500039",500039,,093469 24787,500076
111,Adiguru Dairy Farms and Gaushala,"4-118/9/1, Dwaraka Nagar, Srinivasa Colony, Boduppal, Hyderabad, Telangana 500092",500092,https://adiguru-dairy-farms-and-gaushala.business.site/,080190 08910,500076
112,SrimaNarayana goshala -Uppal,"Plot no : 1569, Uppal Bhagayath Rd, Raghavendra Nagar Colony, Gayatri Nagar, Uppal, Hyderabad, Telangana 500039",500039,, ,500076
113,GAUSHALA PATELNAGAR,"Patel Nagar Rd, Ratan Nagar, Amberpet, Hyderabad, Telangana 500013",500013,,095332 54254,500076
114,"Jain mandir, Gosaala","FG6V+G32, Aymaan Mansion Rd, Surya nagar, Sai Raja Enclave, Safilguda, Malkajgiri, Secunderabad, Telangana 500056",500056,, ,500076
115,A2 Gaushala,"Saroornagar, Dhani Nagar, Saroor Nagar East, Saidabad, Hyderabad, Telangana 500059",500059,http://a2gaushala.com/?utm_source=gmb&utm_medium=referral,099894 77203,500076
116,Gopal Krishna Gaushala,"3-10-93/2, Gokhale Nagar Rd, Pasham Sataih Colony, Gokhale Nagar, Endowment Colony, Gaddi annaram, Hyderabad, Telangana 500013",500013,, ,500076
117,Goshala - Ch.Shiva Math,"FCCM+GQV, Medak - Hyderabad Rd, Kukatpally Industrial Estate, Balanagar, Hyderabad, Telangana 500037",500037,, ,500076
118,Gowshala,"54, 1-2-607, Besides old DBR Mills, 8, Lower Tank Bund St, SBH Officers Colony, Lower Tank Bund, Kavadiguda, Hyderabad, Telangana 500080",500080,,1800 4254 6464,500076
119,Sri Krishna Goshala,"Power Welfare Society, Narsingi, Kokapet, Hyderabad, Telangana 500075",500075,,1800 4254 6464,500076
120,Gaushala,"G9FQ+C36, Vasanth Nagar Colony, Nizampet, Hyderabad, Telangana 500090",500090,, ,500076
121,Veera Hanuman Ghoshala,"H-21-62, Sriram Nagar, Jeedimetla, Hyderabad, Telangana 500055",500055,, ,500076
122,ISKCON VKGT Goshala - Pure Cow Milk,"ISKCON Temple Campus Dabilpur Village, Medchal, Hyderabad, Telangana 501401",501401,http://www.iskconmedchal.org/,096547 89832,500076
123,Goverdhanam Goshala,"Plot No : CA3b, RK Puram Rd Number 6, Ramakrishnapuram, Kothapet, Hyderabad, Telangana 500035",500035,http://hyderabadgoshala.com/,083095 93839,500102
124,Goshala,"8GXX+584, Saroor Nagar Rd, Shivapuri Colony, L. B. Nagar, Hyderabad, Telangana 500074",500074,, ,500102
125,Katyayani Goshala A2Milk,"9G3F+Q86, Saroornagar, Habeeb Nagar, Saroor Nagar East, Hyderabad, Telangana 500035",500035,, ,500102
126,Goshala storage,"12a, Mumbai Hwy, near ganesh temple, Shivapuri Colony, L. B. Nagar, Hyderabad, Telangana 500074",500074,, ,500102
127,Gowshala,"54, 1-2-607, Besides old DBR Mills, 8, Lower Tank Bund St, SBH Officers Colony, Lower Tank Bund, Kavadiguda, Hyderabad, Telangana 500080",500080,,1800 4254 6464,500102
128,Goshala,"Plot No. 111 & 112, North Kalyanpuri, Mallikarjuna Nagar, Uppal, Hyderabad, Telangana 500039",500039,, ,500102
129,Sri Krishna Priya Goshala,"CH95+5GV, beside balaji enclave, North Kalyanpuri, Mallikarjuna Nagar, Uppal, Secunderabad, Hyderabad, Telangana 500039",500039,,093469 24787,500102
130,Sri Krishna Goshala,"Power Welfare Society, Narsingi, Kokapet, Hyderabad, Telangana 500075",500075,,1800 4254 6464,500102
131,Shri Samarth Kamdhenu Gowshala,"SAMARTHA NARAYAN MAHARAJ ASHRAM, Shivbagh Nagar, MCH Colony, Keshav Swamy Nagar, Hyderabad, Telangana 500006",500006,https://www.narayanaashram.com/page.php?p=donation,092963 58630,500102
132,Goshala,"998H+HWF, Sri Gnana Venkateshwara Swamy Devalayam, Gandhamguda, Bandlaguda Jagir, Telangana 500086",500086,, ,500102
133,Gaushala,"G9FQ+C36, Vasanth Nagar Colony, Nizampet, Hyderabad, Telangana 500090",500090,, ,500102
134,Veera Hanuman Ghoshala,"H-21-62, Sriram Nagar, Jeedimetla, Hyderabad, Telangana 500055",500055,, ,500102
135,Goshala,"8GXX+584, Saroor Nagar Rd, Shivapuri Colony, L. B. Nagar, Hyderabad, Telangana 500074",500074,, ,500074
136,Goshala Road, ,560001, , ,560001
137,Bariha Gaushala,"38GV+VXQ, Bariha, Uttar Pradesh 205304",205304,, ,205304
138,गौशाला नगला दीपा Gaushala NAGLA DEEPA,"73JX+4V, Ahirwa, Uttar Pradesh 205001",205001,, ,205267
139,"Nirmala Narayan Gaushala, Vermicompost plant","Pani ki tanki ke pas, Chandeshwar Mandir Rd, Gopal Nagar, Mainpuri, Uttar Pradesh 205001",205001,, ,205267
140,Tisauli Gaushala,"82WC+HVG, Tisaulli, Uttar Pradesh 205265",205265,, ,205267
141,Radha Surabhi Goshala,"GFMV+239, Uttar Pradesh 281504",281504,http://www.radhasurabhi.com/,099276 68182,205267
142,Sankat Mochan Hanuman Mandir Goshala,"RVXQ+X7V, Sambhaji Nagar, Jalna, Maharashtra 431203",431203,, ,431203
143,SHREERAM GAUSHALA,"VWG8+FQR, kanhaiya nagar, Jalna, Panshendra, Maharashtra 431203",431203,, ,431203
144,Shri Krushan Goshala Londhewadi jalna Ghansavgi Road,"RWV4+F3, Gawali Pura, Jalna, Maharashtra 431203",431203,, ,431203
145,JAIN GAU SHALA,"RWR5+VFX, Ram Nagar, RAMNAGAR COLONY, Jalna, Maharashtra 431203",431203,, ,431203
146,Late Shri Rameshwarji Loya Gaushala,"Golden Jubilee Rd, Shree Krishna Nagar, Jalna, Maharashtra 431203",431203,, ,431203
147,अन्नपूर्णा गोशाळा Annapurna goshala,"4XPX+4R, Raghuchiwadi, Maharashtra 413501",413501,, ,413501
148,"Matoshri Gaushala, Dharashiv.","C38R+4H2, Malkaranja, Govindpur, Maharashtra 413507",413507,http://www.matoshrigaushaladharashiv.com/, ,413501
149,Sri Vishweshwar Goshala Yedshi,"8X97+PQ9, Yedashi, Maharashtra 413405",413405,, ,413501
150,Shree radhe shyam gaushala,"F9GM+G3, Ganeshwadi, Maharashtra 413305",413305,, ,413501
151,S. D. Sabha goshala,"XJ74+QMQ Amritsari Gate, In side, Dhobi Mohalla, Firozpur, Punjab 152002",152002,, ,152001
152,Monga Niwas,"XJ84+5R9, Near dera radha swami, Gaushala road, opposite bhalla chakki, Dhobi Mohalla, Firozpur, Punjab 152002",152002,, ,152001
153,Gosala,"WFRV+2GH sugar mill, Babhnan, Uttar Pradesh 271313",271313,,096482 46772,271312
154,Shree Ghanshyam Gaushala Chhapaiya,"X98Q+VRH, Babhnan-Chhapaiya-Parasrampur Rd, Road, Chhapaiya, Tenduva Ranipur, Uttar Pradesh 271305",271305,, ,271312
155,Amrit Dhara Dairy Farm and Gaushala,"Chainpura, Bairi Khala, Uttar Pradesh 272163",272163,, ,271312
156,Jaiswal tent house Gaushala Chauraha,"Gaushala, Jangal, Choraha, Dhurdah, Uttar Pradesh 272130",272130,, ,271312
157,गौशाला,"Poorey pandey, Gonda, Andupur, Uttar Pradesh 271504",271504,, ,271312
158,Gaushala,"Q6X2+447 Ramkot, Tulsi Nagar, Ayodhya, Uttar Pradesh 224123",224123,, ,271312
159,Ranjeet Light Gaushala chauraha basti 272130,"Basti, Dhurdah, Uttar Pradesh 272130",272130,,090441 01721,271312
160,Gaushala,"4HJ7+38, Jangalipur, Uttar Pradesh 272195",272195,, ,271312
161,Shri Ram Gaushala,"Umari, Rd, Belsar, Gonda, Uttar Pradesh 271001",271001,,063872 78830,271123
162,Gau Seva Sadan,"4XVG+4PX, imilya gurudayal, Road, Khaira, Gonda, Uttar Pradesh 271003",271003,, ,271123
163,गौशाला,"Poorey pandey, Gonda, Andupur, Uttar Pradesh 271504",271504,, ,271123
164,Service Centre,"Gaushala, Mankapur - Gonda Rd, Dhurdah, Mankapur, Uttar Pradesh 271302",271302,,072191 91950,271302
165,Jaiswal tent house Gaushala Chauraha,"Gaushala, Jangal, Choraha, Dhurdah, Uttar Pradesh 272130",272130,, ,271302
166,Ranjeet Light Gaushala chauraha basti 272130,"Basti, Dhurdah, Uttar Pradesh 272130",272130,,090441 01721,271302
167,गौशाला,"Poorey pandey, Gonda, Andupur, Uttar Pradesh 271504",271504,, ,271302
168,Shree Ghanshyam Gaushala Chhapaiya,"X98Q+VRH, Babhnan-Chhapaiya-Parasrampur Rd, Road, Chhapaiya, Tenduva Ranipur, Uttar Pradesh 271305",271305,, ,271305
169,Jaiswal tent house Gaushala Chauraha,"Gaushala, Jangal, Choraha, Dhurdah, Uttar Pradesh 272130",272130,, ,271305
170,Ranjeet Light Gaushala chauraha basti 272130,"Basti, Dhurdah, Uttar Pradesh 272130",272130,,090441 01721,271305
171,Post Office Maskanwa,"2932+6PJ, Khapri Para, Maskanwa, Uttar Pradesh 271305",271305,http://www.indiapost.gov.in/,1800 11 2011,271305
172,Darbhanga Goshala,"5W22+MC5, Mirzapur Road, Bhathiarisarai, Darbhanga, Bihar 846004",846004,, ,846006
173,Jai Gulab Baba Trust- Best Trust in Banda Chitrakoot | Temple | Gaushala | Social Noble Cause,"H.N.- 74, near District- Banda, Tehsil, Kuchouli, Baberu, Uttar Pradesh 210207",210207,https://gulabbabatrust.org/,080045 94325,210207
174,गौशाला,"G32W+P8, Chandi Bangar, Uttar Pradesh 210207",210207,, ,210207
175,SURJAWA PURVA gaushala,"C3GG+XG, SURJAWA, Bhatari, PURVA Pradesh 210207",210207,, ,210207
176,Gaushala,"8X7F+WR, Baboopur, Uttar Pradesh 210206",210206,, ,210207
177,Nandi hanuman ji gaushala,"8247+7GF, Nandi, Uttar Pradesh 210206",210206,, ,210207
178,Gaushala hanuman mandir गौशाला हनुमान मंदिर का,"832Q+MFG, Gauhani Kala, Uttar Pradesh 210206",210206,, ,210207
179,Gaushala Basila गौशाला बसिला,"7334+753, Basila, Uttar Pradesh 210205",210205,, ,210207
180,Kalindi kanha Gaushala Hardaspur Garha,"G2XP+6J, Chandapur, Uttar Pradesh 212658",212658,, ,210207
181,Pajarapor Gaushala,"PX4H+RCV, Gujarat Housing Board, Narayan Nagar 2, Rang Varsha Society, Bharuch, Gujarat 392001",392001,, ,392001
182,Gaushala,"P2HH+XQX, Satyam Twp, Zadeshwar, Bharuch, Gujarat 392012",392012,, ,392001
183,"HOGG Farm (Sugar Cain Juice), C/o. Hari Om Gir Gaushala","Plot no. 129-130, GIDC, Bharuch, Gujarat 392012",392012,, ,392001
184,Gaushala (Ramkund Ashram),"JXJJ+W5F, Ramkund Rd, Kailash Nagar, Boidara, Ankleshwar, Gujarat 393001",393001,, ,392001
185,Madhuvan Gaushala,"Madhuvan Gaushala, Haldarva, Gujarat 392011",392011,,096243 48072,392001
186,Madhav gaushala,"Anand Mangal Society, Railway Colony, Bharuch, Gujarat 392001",392001,, ,392001
187,Gaushala gimuhan Hamirpur,"X32Q+7M, Kanauta Danda, Uttar Pradesh 210301",210301,, ,210301
188,Sanukhar Gaushala,"Village, Saunkhar Rd, Sumerpur Rural, Saukher, Uttar Pradesh 210502",210502,, ,210301
189,Sanukhar Gaushala,"Village, Saunkhar Rd, Sumerpur Rural, Saukher, Uttar Pradesh 210502",210502,, ,210502
190,Gaushala,"W7Q4+W8, Bapsaura, Uttar Pradesh 212631",212631,, ,210502
191,Gaushala gimuhan Hamirpur,"X32Q+7M, Kanauta Danda, Uttar Pradesh 210301",210301,, ,210502
192,Arya Samaj Gaushala,"Arya Samaj Gaushala, Khairabad, Sultanpur, Navsari, Uttar Pradesh 228001",228001,, ,228001
193,Sohgauli Gaushala,"Bhandra Kurwar Marg Road, Sultanpur, Bhagvanpur, Uttar Pradesh 228155",228155,,088661 15948,228001
194,Gomati Gaushala Dairy,"73JR+68P, Molana Pur, Uttar Pradesh 228118",228118,, ,228001
195,saurai gaushala,"536W+89J, Semaripurshottampur, Uttar Pradesh 227304",227304,, ,228001
196,Matu Sharada Gir Gaushala,"Kevlapur, Katara phoollkunwari, Amethi - Durgapur Rd, Kanha Kunj, Amethi, Parsauli, Uttar Pradesh 227405",227405,, ,228001
197,Gaushala Sultanpur,"6QR9+XG, Kapurpur, Uttar Pradesh 209864",209864,, ,228001
198,Gaushala,"G5RQ+CQX, Phase 1, Block C, Katwaria Sarai, New Delhi, Delhi 110016",110016,, ,110016
199,Gaushala Gautam Nagar,"119, Gautam Nagar, New Delhi, Delhi 110049",110049,, ,110016
200,Guru Gorakh Nath Gaushala,"Ram Talab Mandir, Block A, Qutab Institutional Area, New Delhi, Delhi 110016",110016,, ,110016
201,Gaushala,"G5CC+29G, Teacher Colony, Vasant Kunj, New Delhi, Delhi 110070",110070,, ,110016
202,Mehrauli Gaushala,"G59C+Q9Q, Kishangarh, Teacher Colony, Vasant Kunj, New Delhi, Delhi 110070",110070,, ,110016
203,Neelachala Sevasangha parking,"221 TO 24, Block C7, Bhim Nagri, Hauz Khas, New Delhi, Delhi 110016",110016,, ,110016
204,R k puram gaau sala,"H53J+WW7, Sector 3, Rama Krishna Puram, New Delhi, Delhi 110022",110022,, ,110016
205,Nandini Goshale,"Nandini Goushala, 1st phase Girinagar, Writers Colony, Giri Nagar, Banashankari 1st Stage, Banashankari, Bengaluru, Karnataka 560085",560085,, ,560004
206,Goshala home,"WHC3+FP2, Bhagirati Nagar, Kathriguppe IV Phase, Banashankari 3rd Stage, Banashankari, Bengaluru, Karnataka 560085",560085,, ,560004
207,Sri Sri Gaushala - Art of Living International Center,"Inside Art of Living International Center, 21st KM Kanakapura Main Road, Udayapura Post, South, Bengaluru, Karnataka 560082",560082,https://vaidicpujas.org/gaushala/, ,560004
208,Bhavani Shankara Goshala,"33, Allwin Bakery Compound, papareddy palya, Srigandhada Kaval, Marilingappa Extension, Annapurneshwari Nagar, Bengaluru, Karnataka 560072",560072,https://bhavani-shankara-goshala.business.site/?utm_source=gmb&utm_medium=referral, ,560004
209,Goshala,"Goshala Rd, Ferns City, Garudachar Palya, Mahadevapura, Bengaluru, Karnataka 560048",560048,, ,560004
210,Sri Shyam gaushala,"SY NO 22/2 Bannerghatta Rd, Bannerughatta, Bengaluru, Karnataka 560083, India, near khatu shyam temple, opp to bannerghatta national park, Bengaluru, Karnataka 560083",560083,http://ssgblr.com/,094480 78357,560004
211,"SRI KRISHNA GAUSHALA, DODDA GUBBI","3MC6+CG3, K.R.C ROAD, MAINROAD, near AUTO RAJA ASHRAM, Doddagubbi, KOTNUR, Bengaluru, Karnataka 560077",560077,, ,560004
212,Sri Krishna Goushala,"69, 4th Cross, Lakshmi Layout, Begur, Bengaluru, Karnataka 560068",560068,,099725 08500,560004
213,Bangalore Gourakshan Shalla,"Doddanekkundi Industrial Area, Mahadev Post, Mahadevpura, Mahadevpura, Bengaluru, Karnataka 560048",560048,,098444 55380,560004
214,RadhaGovinda Goshala,"Radhagovindagoshala, 130 nelagulli village130, village, Nelaguli, Bengaluru, Karnataka 560082",560082,,080959 10888,560004
215,Nanda Nandi Gaushala,"#311, Upkar Spring Field 8th Cross, East Block, Nerlur, Post, Chandapura, Bengaluru, Karnataka 562107",562107,, ,560004
216,Gau Valley,"261, 9th A Main Rd, Jaya Nagar 1st Block, Jayanagar 3rd Block, Jayanagar, Bengaluru, Karnataka 560011",560011,, ,560004
217,Gowshala,"54, 1-2-607, Besides old DBR Mills, 8, Lower Tank Bund St, SBH Officers Colony, Lower Tank Bund, Kavadiguda, Hyderabad, Telangana 500080",500080,,1800 4254 6464,500029
218,Maruthi Nagar Gaushala,"CF86+6MG, Indira Nagar, Khairtabad, Hyderabad, Telangana 500482",500482,, ,500029
219,TELANGANA GOSHALA FEDERATION,"3-3-869, 2nd floor, KRS Complex, Kutbi Guda, Hyderabad, Telangana 500027",500027,,093940 05600,500029
220,Gaushala 5 building,"5-5-1007/1, HIndi Nagar, Ghosha Mahal North, Nampally, Hyderabad, Telangana 500001",500001,, ,500029
221,Goshala - Ch.Shiva Math,"FCCM+GQV, Medak - Hyderabad Rd, Kukatpally Industrial Estate, Balanagar, Hyderabad, Telangana 500037",500037,, ,500029
222,Sri Krishna Goshala,"Power Welfare Society, Narsingi, Kokapet, Hyderabad, Telangana 500075",500075,,1800 4254 6464,500029
223,Sri Krishna Priya Goshala,"CH95+5GV, beside balaji enclave, North Kalyanpuri, Mallikarjuna Nagar, Uppal, Secunderabad, Hyderabad, Telangana 500039",500039,,093469 24787,500029
224,Gaushala,"G9FQ+C36, Vasanth Nagar Colony, Nizampet, Hyderabad, Telangana 500090",500090,, ,500029
225,Bhagyanagar Gouseva Sadan,"CFCP+Q7Q, Bakshiguda, Kavadiguda, Hyderabad, Telangana 500080",500080,, ,500029
226,Goshala,"998H+HWF, Sri Gnana Venkateshwara Swamy Devalayam, Gandhamguda, Bandlaguda Jagir, Telangana 500086",500086,, ,500029
227,Goshala,"Plot No. 111 & 112, North Kalyanpuri, Mallikarjuna Nagar, Uppal, Hyderabad, Telangana 500039",500039,, ,500029
228,Veera Hanuman Ghoshala,"H-21-62, Sriram Nagar, Jeedimetla, Hyderabad, Telangana 500055",500055,, ,500029
229,Gaushala 5 building,"5-5-1007/1, HIndi Nagar, Ghosha Mahal North, Nampally, Hyderabad, Telangana 500001",500001,, ,500001
230,Maruthi Nagar Gaushala,"CF86+6MG, Indira Nagar, Khairtabad, Hyderabad, Telangana 500482",500482,, ,500001
231,Balaji nagar goshala,"13-2-258/A/26, Balaji Nagar, Rahimpura, Dattatreya Nagar, Hyderabad, Telangana 500006",500006,, ,500001
232,Imlibun GoShala,"Inside Imlibun Bus Stand, HP Gas Office MGBS, Gowliguda, Hyderabad, Telangana 500012",500012,https://imlibun-gaushala.business.site/,093910 33670,500001
233,Shri Samarth Kamdhenu Gowshala,"SAMARTHA NARAYAN MAHARAJ ASHRAM, Shivbagh Nagar, MCH Colony, Keshav Swamy Nagar, Hyderabad, Telangana 500006",500006,https://www.narayanaashram.com/page.php?p=donation,092963 58630,500001
234,Gowshala,"54, 1-2-607, Besides old DBR Mills, 8, Lower Tank Bund St, SBH Officers Colony, Lower Tank Bund, Kavadiguda, Hyderabad, Telangana 500080",500080,,1800 4254 6464,500001
235,TELANGANA GOSHALA FEDERATION,"3-3-869, 2nd floor, KRS Complex, Kutbi Guda, Hyderabad, Telangana 500027",500027,,093940 05600,500001
236,Shri Krishna Gau Shala,"14-10-857, Jungoor Basthi, Dhoolpet, Hyderabad, Telangana 500006",500006,, ,500001
237,Srivari Goshala,"Hare Krishna Golden Temple Rd, NBT Nagar, Banjara Hills, Hyderabad, Telangana 500034",500034,, ,500001
238,GoShala@Shirdi Sai Baba Temple,"9C6P+F5C, Shirdi Sai Baba Temple, Nandimusaliguda X Roads, HUDA Colony, Telangana 500048",500048,, ,500001
239,Samarth Narayan Gowshala,"9C6X+RQM, Samartha Narayan Goshala Rd, Shivbagh Nagar, MCH Colony, Keshav Swamy Nagar, Hyderabad, Telangana 500006",500006,, ,500001
240,Shree Radha Krishna Mandir GowShala,"9CFQ+V44, Girkapalli, Karwan East, Hyderabad, Telangana 500264",500264,, ,500001
241,Goshala - Ch.Shiva Math,"FCCM+GQV, Medak - Hyderabad Rd, Kukatpally Industrial Estate, Balanagar, Hyderabad, Telangana 500037",500037,, ,500001
242,Sri Krishna Goshala,"Power Welfare Society, Narsingi, Kokapet, Hyderabad, Telangana 500075",500075,,1800 4254 6464,500001
243,Gaushala,"G9FQ+C36, Vasanth Nagar Colony, Nizampet, Hyderabad, Telangana 500090",500090,, ,500001
244,Goshala,"Plot No. 111 & 112, North Kalyanpuri, Mallikarjuna Nagar, Uppal, Hyderabad, Telangana 500039",500039,, ,500001
245,Sri Krishna Priya Goshala,"CH95+5GV, beside balaji enclave, North Kalyanpuri, Mallikarjuna Nagar, Uppal, Secunderabad, Hyderabad, Telangana 500039",500039,,093469 24787,500001
246,Sri Gopal Goshala,"6MP6+8P4, Naganpally, Telangana 501510",501510,, ,500001
247,Maruthi Nagar Gaushala,"CF86+6MG, Indira Nagar, Khairtabad, Hyderabad, Telangana 500482",500482,, ,500063
248,Gowshala,"54, 1-2-607, Besides old DBR Mills, 8, Lower Tank Bund St, SBH Officers Colony, Lower Tank Bund, Kavadiguda, Hyderabad, Telangana 500080",500080,,1800 4254 6464,500063
249,Gaushala 5 building,"5-5-1007/1, HIndi Nagar, Ghosha Mahal North, Nampally, Hyderabad, Telangana 500001",500001,, ,500063
250,TELANGANA GOSHALA FEDERATION,"3-3-869, 2nd floor, KRS Complex, Kutbi Guda, Hyderabad, Telangana 500027",500027,,093940 05600,500063
251,Sree vaishnavi gowshala,"CF87+V6H, Phase 1, Raj Nagar, Khairtabad, Hyderabad, Telangana 500482",500482,, ,500063
252,Goshala - Ch.Shiva Math,"FCCM+GQV, Medak - Hyderabad Rd, Kukatpally Industrial Estate, Balanagar, Hyderabad, Telangana 500037",500037,, ,500063
253,Goshala,"Plot No. 111 & 112, North Kalyanpuri, Mallikarjuna Nagar, Uppal, Hyderabad, Telangana 500039",500039,, ,500063
254,Sri Krishna Priya Goshala,"CH95+5GV, beside balaji enclave, North Kalyanpuri, Mallikarjuna Nagar, Uppal, Secunderabad, Hyderabad, Telangana 500039",500039,,093469 24787,500063
255,Sri Krishna Goshala,"Power Welfare Society, Narsingi, Kokapet, Hyderabad, Telangana 500075",500075,,1800 4254 6464,500063
256,Gaushala,"G9FQ+C36, Vasanth Nagar Colony, Nizampet, Hyderabad, Telangana 500090",500090,, ,500063
257,Govardhanam Goshala,"9-A/629, Thatti Khana, Vanasthali hills, Tatti Annaram, Hyderabad, Telangana 500068",500068,https://hyderabadgoshala.com/,083095 93839,500063
258,TELANGANA GOSHALA FEDERATION,"3-3-869, 2nd floor, KRS Complex, Kutbi Guda, Hyderabad, Telangana 500027",500027,,093940 05600,500095
259,Gaushala 5 building,"5-5-1007/1, HIndi Nagar, Ghosha Mahal North, Nampally, Hyderabad, Telangana 500001",500001,, ,500095
260,Balaji nagar goshala,"13-2-258/A/26, Balaji Nagar, Rahimpura, Dattatreya Nagar, Hyderabad, Telangana 500006",500006,, ,500095
261,Imlibun GoShala,"Inside Imlibun Bus Stand, HP Gas Office MGBS, Gowliguda, Hyderabad, Telangana 500012",500012,https://imlibun-gaushala.business.site/,093910 33670,500095
262,Shri Krishna Gau Shala,"14-10-857, Jungoor Basthi, Dhoolpet, Hyderabad, Telangana 500006",500006,, ,500095
263,GAUSHALA PATELNAGAR,"Patel Nagar Rd, Ratan Nagar, Amberpet, Hyderabad, Telangana 500013",500013,,095332 54254,500095
264,Gowshala,"54, 1-2-607, Besides old DBR Mills, 8, Lower Tank Bund St, SBH Officers Colony, Lower Tank Bund, Kavadiguda, Hyderabad, Telangana 500080",500080,,1800 4254 6464,500095
265,Goshala - Ch.Shiva Math,"FCCM+GQV, Medak - Hyderabad Rd, Kukatpally Industrial Estate, Balanagar, Hyderabad, Telangana 500037",500037,, ,500095
266,Goshala,"Plot No. 111 & 112, North Kalyanpuri, Mallikarjuna Nagar, Uppal, Hyderabad, Telangana 500039",500039,, ,500095
267,Sri Krishna Goshala,"Power Welfare Society, Narsingi, Kokapet, Hyderabad, Telangana 500075",500075,,1800 4254 6464,500095
268,Gaushala,"G9FQ+C36, Vasanth Nagar Colony, Nizampet, Hyderabad, Telangana 500090",500090,, ,500095
269,Sri Krishna Priya Goshala,"CH95+5GV, beside balaji enclave, North Kalyanpuri, Mallikarjuna Nagar, Uppal, Secunderabad, Hyderabad, Telangana 500039",500039,,093469 24787,500095
270,Veera Hanuman Ghoshala,"H-21-62, Sriram Nagar, Jeedimetla, Hyderabad, Telangana 500055",500055,, ,500095
271,ISKCON VKGT Goshala - Pure Cow Milk,"ISKCON Temple Campus Dabilpur Village, Medchal, Hyderabad, Telangana 501401",501401,http://www.iskconmedchal.org/,096547 89832,500095
272,Shree Gaushala,"9FGP+HVC, KALIKHABER, Chaderghat, Hyderabad, Telangana 500024",500024,, ,500095
273,Purushottam Gaushala,"2MJ5+6XH, Jattari, Uttar Pradesh 202137",202137,http://gaushalasp.org/,094571 08032,281201
274,ISKCON Goshala,"Parikrama Marg, Raman Reiti, Vrindavan, Uttar Pradesh 281121",281121,http://goshala.com/, ,281201
275,Radha Surabhi Goshala,"GFMV+239, Uttar Pradesh 281504",281504,http://www.radhasurabhi.com/,099276 68182,281201
276,Radha Nandini Gaushala,"Office No. 6A, 2nd Floor, Moti Manzil, 2, Radhika Vihar, Mathura, Uttar Pradesh 281004",281004,https://www.gauseva.net/,095999 37149,281201
277,"Shri mad ballabh gosala , gokul","FP2J+Q6F Major District Road 102W, MDR102W, Sarai Alikhan, Uttar Pradesh 281305",281305,, ,281201
278,Shri Mata Ji Gaushala Barsana,"Shri Mataji Gaushala Manpur, Barsana, Dabhala, Uttar Pradesh 281405",281405,https://www.matajigaushala.org/,099273 96087,281201
279,Gopal Goshalla and research centre,"Govardhan Major District Road 70 opposite to Anaj Mandi, Govardhan, Uttar Pradesh 281502",281502,, ,281201
280,Shree Panchayeti Goshala,"HMGW+849, Kishor Pura, Vrindavan, Uttar Pradesh 281121",281121,,093190 93542,281201
281,Shree krishan gaushala,"HM3P+5MX, Vatsalya Gram, Vrindavan, Uttar Pradesh 281121",281121,, ,281201
282,Gaushala,"HJ6J+5WJ, Allhepur, Uttar Pradesh 281121",281121,, ,281201
283,Surbhi Shyam Gaushala,"near, nagar palika, Govardhan, Uttar Pradesh",radesh,, ,281201
284,Samarpan Goshala (Sanjeev Krishna Thakur Ji) Neemgaon,"Unnamed Road, Neemgaon, Uttar Pradesh 281504",281504,,098106 90285,281201
285,BAGHARRA GAUSHALA,"BAGHARRA NAUJHEEL MATHURA, Bagharra Naujheel, mathura, Toli Khader, Uttar Pradesh 281203",281203,, ,281201
286,BAGHARRA GOSHALA,"RMPM+6P3, BAGHARRA, Naujhil, Baroth Khadar, Uttar Pradesh 281203",281203,,074090 64964,281201
287,Radha krishna kamdenu gaushala,"XHQX+34R, Simrauthi, Uttar Pradesh 202165",202165,, ,281201
288,Shree Radhakrishna Kamdhenu Gaushala (Regd),"XHVV+X45, Connector Rd, Palar, Uttar Pradesh 202165",202165,, ,281201
289,Goshala - Ch.Shiva Math,"FCCM+GQV, Medak - Hyderabad Rd, Kukatpally Industrial Estate, Balanagar, Hyderabad, Telangana 500037",500037,, ,500114
290,Maissiah Yadav's Goshala,"FC79+JX5, Railway Goods Shed Rd, Janta Nagar, Patel Nagar, Moosapet, Hyderabad, Telangana 500018",500018,, ,500114
291,Sri Vigneswara Goshala,"FCFC+H7H, beside power nagar park 2, Habeeb Nagar, Moosapet, Hyderabad, Telangana 500018",500018,, ,500114
292,Goshala,"998H+HWF, Sri Gnana Venkateshwara Swamy Devalayam, Gandhamguda, Bandlaguda Jagir, Telangana 500086",500086,, ,500091
293,SVAV GOSHALA,"89VV+RW9, Velly View Enclave, Bandlaguda Jagir, 500030mpl, Telangana 500030",500030,, ,500091
294,Sri Krishna Goshala,"Power Welfare Society, Narsingi, Kokapet, Hyderabad, Telangana 500075",500075,,1800 4254 6464,500091
295,గోశాల gosala,"Road no 23, Village, Alkapur Township, Pragathi Nagar, Rajendranagar mandal, Neknampur, Telangana 500089",500089,, ,500091
296,Dairy Farm,"9CC5+88X, Madhu Park Ridge, Hashim Nagar, Langar Houz, Hyderabad, Telangana 500091",500091,, ,500091
297,GAUSHALA PATELNAGAR,"Patel Nagar Rd, Ratan Nagar, Amberpet, Hyderabad, Telangana 500013",500013,,095332 54254,500091
298,Gowshala,"54, 1-2-607, Besides old DBR Mills, 8, Lower Tank Bund St, SBH Officers Colony, Lower Tank Bund, Kavadiguda, Hyderabad, Telangana 500080",500080,,1800 4254 6464,500091
299,New Hydershakote Post Office,"998W+94Q, Narasareddy Colony, Madhavi Nagar, Hydershakote, Telangana 500091",500091,http://indiapost.gov.in/,1800 11 2011,500091
300,Goshala,"Plot No. 111 & 112, North Kalyanpuri, Mallikarjuna Nagar, Uppal, Hyderabad, Telangana 500039",500039,, ,500091
301,Gaushala,"G9FQ+C36, Vasanth Nagar Colony, Nizampet, Hyderabad, Telangana 500090",500090,, ,500091
302,Sri Krishna Priya Goshala,"CH95+5GV, beside balaji enclave, North Kalyanpuri, Mallikarjuna Nagar, Uppal, Secunderabad, Hyderabad, Telangana 500039",500039,,093469 24787,500091
303,Veera Hanuman Ghoshala,"H-21-62, Sriram Nagar, Jeedimetla, Hyderabad, Telangana 500055",500055,, ,500091
304,SRI ANANTHA PADMANABHA GOSHALA,"C956+RVV, Puppalguda, Makthakousarali, Telangana 500075",500075,, ,500104
305,Goshala,"998H+HWF, Sri Gnana Venkateshwara Swamy Devalayam, Gandhamguda, Bandlaguda Jagir, Telangana 500086",500086,, ,500104
306,గోశాల gosala,"Road no 23, Village, Alkapur Township, Pragathi Nagar, Rajendranagar mandal, Neknampur, Telangana 500089",500089,, ,500104
307,Sri Gopal Goshala,"6MP6+8P4, Naganpally, Telangana 501510",501510,, ,500104
308,Shri Samarth Kamdhenu Gowshala,"SAMARTHA NARAYAN MAHARAJ ASHRAM, Shivbagh Nagar, MCH Colony, Keshav Swamy Nagar, Hyderabad, Telangana 500006",500006,https://www.narayanaashram.com/page.php?p=donation,092963 58630,500104
309,Shree krishna gaushala (श्री कृष्ण गौशाला) सिसवा बाजार,"Near, mahila hospital Road, Siswa Bazar, Uttar Pradesh 273163",273163,, ,273304
310,Yadav Gaushala,"69VG+J74, Unnamed Road, Hathiya Garh, Jungle Hathiyagarh, Uttar Pradesh 273162",273162,, ,273304
311,Gaushala RSS by PN Singh and Anand shahi,"5W77+WHG, C/o anand shahi bjp, Bodhi Chhapra",hhapra,, ,273304
312,Smart Gaushala,"47CC+JWX, SH 1A, Ganesh Pur, Uttar Pradesh 273155",273155,, ,273304
313,NANDANI GAUSHALA | नंदनी गौशाला,"56MF+G4Q, near Sankat Mochan Mandir, Bholapur, Kharhat, Bihar 845106",845106,, ,273304
314,Rashtriya Gaushala Tatha Anushandhan Kendra,"HQ6R+CR3, Bardaghat 33000, Nepal", Nepal,, ,273304
315,Shri Ram Gaushala,"Umari, Rd, Belsar, Gonda, Uttar Pradesh 271001",271001,,063872 78830,271301
316,Shri Krishna Gaushala,"6RCQ+X6Q, Pukhrayan, Uttar Pradesh 209111",209111,, ,209312
317,Shri Raghav Govardhan Gaushala,"Virtiyana, Shivli, Birtiyana Shiwali, Uttar Pradesh 209204",209204,http://shriraghavgaudham.org/,084001 51995,209312
318,Fauji Gaushala,"Vill Gangupur PO Gajna, Teh, Bilhaur, Uttar Pradesh 209202",209202,,099354 61600,209312
319,Gaushala Panki,"F66W+CPW, Swaraj Nagar, Kanpur, Uttar Pradesh 208020",208020,, ,209312
320,Bhauti Gausala,"F655+362, Kanpur, Bhautikhera, Uttar Pradesh 208020",208020,, ,209312
321,Fauji Gaushala,"Vill Gangupur PO Gajna, Teh, Bilhaur, Uttar Pradesh 209202",209202,,099354 61600,209202
322,Pal goshala,"VXQJ+RH5, Makanpur, Iliyaspur, Uttar Pradesh 209202",209202,, ,209202
323,Shri Gopal Gaushala Prayaga Hulasi Dham Maharajpur,"Gopal Gaushala Prayaga, Hulasi Dham Maharajpur, Mahera, Rasulabad, Uttar Pradesh 209306",209306,, ,209202
324,Gaushala Panki,"F66W+CPW, Swaraj Nagar, Kanpur, Uttar Pradesh 208020",208020,, ,209301
325,Kanpur Gaushala Society,"55/112 Jnrjagnj, Kanpur, Uttar Pradesh 208001",208001,,099367 94571,209301
326,Kanha Gaushala,"F9QQ+WGV, Shuklaganj, Netua Grameen, Uttar Pradesh 209861",209861,, ,209301
327,Laxmi Gir Gaushala,"Laxmi Gir Gaushala, Ram Chowk, near Meldi Maa Mandir, Ram Chowk, Miranagar Society, Athwa, Surat, Gujarat 395004",395004,, ,395001
328,Shree Surat panjarpol sanchalit vrundavan shakha(Gaushala),"5RG4+4H8, Ghod Dod Rd, Maktampur, Athwa, Surat, Gujarat 395001",395001,, ,395001
329,Surat Panjarapole Trust (Gaushala),"Opposite Children Traffic Training Park, Ghod Dod Rd, Surat, Gujarat 395007",395007,http://shrisuratpanjarapole.com/,0261 266 5710,395001
330,Shree Nathji Gaushala,"5RCJ+3CV, Dukhiya na darbar pase, Surat", Surat,, ,395001
331,Shreeji Gaushala,"294, Fatakdawadi, Industrial Area, Singanpor, Surat, Gujarat 395004",395004,, ,395001
332,Shri Madhav Gaushala Someshwar Mahadev Mandir,"Laxmi Nagar, Udhana, Surat, Gujarat 395017",395017,,090999 34343,395001
333,Gaushala road,"120 feet, Dr Hedgewar Rd, bamloli, Surat", Surat,, ,395001
334,Sri Roop Rajat Gaushala,"6Q6W+8PJ, Rander Rd, Near Meru Laxmi Temple Sadravrat Dham, Tadwadi, Rander, Surat, Gujarat 395005",395005,, ,395001
335,Om Nandeshvar Mahadev Gaushala,"6V2J+335 Alchemy School, Parvat Patia Canal Rd, Simada Gam, Chokdi, Ladvi, Surat, Gujarat 395010",395010,,098253 49764,395001
336,KAMDHENU GAUSHALA,"Ground Floor, Vejnath Mahadev, Crystal Nagar, Laxmi Nagar Society, Katargam, Surat, Gujarat 395004",395004,,099257 06360,395001
337,Sahajanand Gir Gaushala,"Moti Ved Rd, Dabholi Village, Surat, Gujarat 395004",395004,,080809 29292,395001
338,Akhand Anand Gaushala,"7R28+5F, Motived, Surat, Gujarat 395004",395004,, ,395001
339,Hanuman Gaushala,"4QCV+M3H, Surat, Gujarat 395007",395007,, ,395001
340,Raghuveer Gir Gaushala,"Aamba Talavadi Rd, Nr. Zircon Plus, Sahyog Society, Katargam, Surat, Gujarat 395004",395004,, ,395001
341,Shrinathji Gaushala,"7VFJ+JGV, Bharthana, Gothan Vasvari Road, Mota Varachha, Surat, Gujarat 394130",394130,, ,395001
342,SHREE OM NANDESHWAR MAHADEV GAUSHALA,"Shanti Niketan Society, Mota Varachha, Surat, Gujarat 394105",394105,, ,395001
343,Shree Gopal Goverdhan Go Shala Pathmeda,"Shop No.1001, 35, Surat - Kadodara Rd, Sahara Darwaja, Umarwada, Surat, Gujarat 395002",395002,,0261 234 6644,395001
344,Om Nandeshwar Gau Shala,"6W3W+3Q9, Surat, Gujarat 395006",395006,, ,395001
345,Panjrapole,"5RG8+G6C, Ghod Dod Rd, Athwalines, Athwa, Surat, Gujarat 395001",395001,, ,395001
346,Kamdhenu ruprajyat gausala,"6Q6W+8PR, Rander Rd, Near Meru Laxmi Temple Sadravrat Dham, Tadwadi, Rander, Surat, Gujarat 395005",395005,, ,395001
347,Sohgauli Gaushala,"Bhandra Kurwar Marg Road, Sultanpur, Bhagvanpur, Uttar Pradesh 228155",228155,,088661 15948,228121
348,Gaushala Domanpur,"8WMF+J5, Domanpur, Uttar Pradesh 227805",227805,, ,228121
349,Rairangpur Gaushala,"752R+P25, Gausala Road, Anladuba, Rairangpur, Asanbani, Odisha 757043",757043,, ,757043
350,Goshala chhaka,"Tulasi Chaura Rd, Teachers Colony, Baripada, Odisha 757001",757001,, ,757001
351,Shri Mahaveer Gaushala Simiti,"CJ9G+9R9, Sidha Maheshwar Nagar, Gadag-Betigeri, Karnataka 582103",582103,, ,582101
352,Haibowal Gaushala,"WRC5+HGH, Gaushala Rd, Haibowal Kalan, Ludhiana, Punjab 141001",141001,, ,141001
353,Shantivan Gaushala trust,"Sham Nagar, Manjit Nagar, Ludhiana, Punjab 141002",141002,, ,141001
354,Gaushala,"WV98+734, Gaushala Rd, Old Madhopuri, Ludhiana, Punjab 141008",141008,,0161 274 2129,141001
355,Prachin Goshala,"WV98+449, Gaushala Rd, Near Division No. 3, Harbans Pura, Ludhiana, Punjab 141008",141008,, ,141001
356,Gurdwara Dukh Niwaran Sahib Ludhiana Gaushala,"WRJV+PM9, Karabara Rd, New Sabji Mandi, Karabara Basti, Ludhiana, Punjab 141008",141008,,098766 00111,141001
357,gaushalA,"WV98+VHH, Unnamed Road, New Madhopuri, Sunder Nagar, Ludhiana, Punjab 141008",141008,, ,141001
358,Gaushala Chowk, ,141001, , ,141001
359,Prachin Gaushala Part 2,"Tibba Rd, Raju Colony, Subhash Nagar, Ludhiana, Punjab 141007",141007,, ,141001
360,Gaushala Market,"Gaushala Rd, Gaushala Chowk, Old Madhopuri, Ludhiana, Punjab 141008",141008,http://www.themaintenancemaster.online/, ,141001
361,Shri Govind Godham Ludhiana,"Gaushala Rd, Partap Singhwala, Ludhiana, Punjab 141008",141008,http://shrigovindgodham.com/,098720 22224,141001
362,Sri Krishan Balram Gaushala,"RQCR+CG5, Unnamed Road, Punjab 141116",141116,,093169 18317,141001
363,Kadayanallur Post Office,"38GR+W85, Melakadayanallur, Kadayanallur, Tamil Nadu 627751",627751,,1800 11 2011,627751
364,Etteluthu Perumal Gaushala,"89 mangammal Salai arugankulam melur senthimangalam post ghosalai, Tirunelveli, Tamil Nadu 627358",627358,https://etteluthu.com/,078670 33451,627751
365,Goshala,"X8VP+5R3 Sulochana Gardens, Swamy Sivanandha Block, Sulochana Gardens, Amar seva sangam, Tenkasi Ayikudi Rd, Ayikudy, Tamil Nadu 627852",627852,, ,627751
366,Goshala,"X8VP+5R3 Sulochana Gardens, Swamy Sivanandha Block, Sulochana Gardens, Amar seva sangam, Tenkasi Ayikudi Rd, Ayikudy, Tamil Nadu 627852",627852,, ,627806
367,Goshala,"X8VP+5R3 Sulochana Gardens, Swamy Sivanandha Block, Sulochana Gardens, Amar seva sangam, Tenkasi Ayikudi Rd, Ayikudy, Tamil Nadu 627852",627852,, ,627812
368,Gaushala Liluah,"J8GH+9X5, Gaushala, Patuapara, Liluah, Howrah, West Bengal 711203",711203,, ,711114
369,Saradapith Goshala,"J9H3+VH4, Belur Math, Howrah, West Bengal 711202",711202,, ,711114
370,Calcutta Pinjrapole Society Liluah Gosala,"58, Netaji Subhas Rd, near Gopal wajan kanta, Patuapara, Liluah, Howrah, West Bengal 711204",711204,,033 2268 6451,711114
371,(ISKCON) Mayapur Goshala Ghee Howrah authorised distributor,"46/1 Abinash Banerjee lane Howrah -4 46/1/1,Abinash Banerjee lane Howrah -4 near, near chatterjeehat post office, Howrah, West Bengal 711104",711104,, ,711114
372,Gosala Ground Sodepur,"P94J+8WV, Sodepur Rd, Mati Nagar, Rahara, Khardaha, West Bengal 700114",700114,, ,711114
373,Surabhi Goshala,"G7JR+7QJ, Paharpur, Garden Reach, Kolkata, West Bengal 700088",700088,,099276 68182,711114
374,SATGURU GOSHALA(गोशाला),"W55X+2VW, Haidergarh Rd, Barail, Barabanki, Barel, Uttar Pradesh 225001",225001,, ,225123
375,Smart Gaushala,"W44H+67M, Bhuhera, Uttar Pradesh 225003",225003,, ,225123
376,Smart Gaushala,"X4CF+W27, Barethi, Uttar Pradesh 225301",225301,, ,225123
377,Surha Gaushala,"GWCW+5C2, Surha, Uttar Pradesh 210425",210425,, ,210421
378,Jyoti Gaushala,"Basoth, Uttar Pradesh 210427",210427,https://www.jyotigaushala.com/, ,210421
379,Gaushala,"NH 86, Kaimaha, Uttar Pradesh 210427",210427,,070074 06841,210421
380,Gaushala,"99QX+J74, Naipura, Uttar Pradesh 210429",210429,, ,210421
381,Kamdhenu gaushala,"CQ22+75P, Charkhari, Uttar Pradesh 210421",210421,, ,210421
382,कान्हा गौशाला,"CQ62+4V7, Charkhari, Uttar Pradesh 210421",210421,, ,210421
383,Surha Gaushala,"Ainchana, Road, Surha, Uttar Pradesh 210425",210425,, ,210421
384,Goshala,"Rath Dakhin, Rath, Uttar Pradesh 210431",210431,, ,210430
385,Gaushala gimuhan Hamirpur,"X32Q+7M, Kanauta Danda, Uttar Pradesh 210301",210301,, ,210430
386,TIMRON GAUSHALA,"V9QJ+46Q, Timron, Rund Timron, Uttar Pradesh 285001",285001,, ,210430
387,Swami Bhramhanand Gaushala,"HH7G+823, Govindpura, Uttar Pradesh 210431",210431,, ,210430
388,Shri narayani Gaushala,"QRXH+FGC, Palghar, Maharashtra 401404",401404,https://samadhansevasansthan.org/, ,401404
389,Shree Kalapurnam Jivdaya Dham (Palghar Gaushala),"PRC2+HH8, Nandore, Maharashtra 401404",401404,, ,401404
390,Shree Gauraksha League Gaushala,"RR26+MRF, Tal. Palghar, Dist, Mahagaon, Maharashtra 401501",401501,, ,401404
391,Gaushala chintupada,"MQ9G+Q4, Haranwali, Maharashtra 401404",401404,, ,401404
392,Damodar Goshala,"MQWG+FJR, At, Navali Rd, near Kamal Clinic, Bachubhai Dube Acres, Vevoor, Palghar, Maharashtra 401404",401404,, ,401404
393,Gaushala,"PQ5H+565, Palghar - Manor Rd, Dungipada, Vevoor, Palghar, Maharashtra 401404",401404,, ,401404
394,Ramkrishna gaushala trust,"PR8P+MPR, Kokaner, Maharashtra 401404",401404,, ,401404
395,"Gokul Gaushala, Nane","Gorhe Road, Nane, Maharashtra 421303",421303,, ,401404
396,Govardhan Goshala,"MX4F+PG7, Unnamed Road, Wada, Maharashtra 421303",421303,https://www.govardhangoshala.com/, ,401404
397,Pratishtha Gaushala,"GWR8+MRG, Sakawar, Maharashtra 401102",401102,, ,401404
398,GEV Goshala,"MX4F+VCW, Unnamed Road, Maharashtra 421303",421303,https://www.govardhangoshala.com/cow-breeds-at-gev-goshala/, ,401404
399,Mumbai jivdaya mandal gaushala,"GWWC+6P5, Unnamed Road, Sakawar, Maharashtra 401102",401102,, ,401404
400,MATHUR GIR GAUSHALA,"VQ4V+HVX, Chandranagar, Sumadi, Maharashtra 401103",401103,, ,401404
401,Shri Pashupati Gaushala,"PX69+H2C, Wada, Maharashtra 421303",421303,, ,401404
402,ASHIRWAD FARM AND GAUSHALA,"J3R7+4HQ, VILLAGE POSERI-PIMPLAS ROAD, near Dist, Wada, Maharashtra 421303",421303,,096650 42037,401404
403,Panchamrut Gaushala,"8W7Q+H98, Dist. Thane, Maharashtra 401404",401404,,097302 60700,401404
404,"AnandDham Gaushala and Shiva Temple , Raipada, Virar East","Anand Dham Rd, Virar, Maharashtra 401303",401303,, ,401404
405,Gaushala Sabha,"VV9H+2JP, BSM College Road, near Kaushik Pathology Clinic, Chow Mandi, Chand Puri Nagar, Roorkee, Uttarakhand 247667",247667,, ,247665
406,Vedic Gosala वैदिक गौशाला गुरूकुल,"Kunja Bahadarpur, Roorkee, Uttarakhand 247667",247667,https://youtube.com/c/VivekAryaVlogs,094115 82292,247665
407,Pandi Ji Ki Gaushala,"Pandit Ji Ki Gaushala, Laksar Rd, Kirti Nagar, Dhandera, Roorkee, Uttarakhand 247667",247667,,092591 93824,247665
408,Ram Krishna Gaushala,"VWW9+W57, Bhuryan puram, Bajuhari, Roorkee, Uttarakhand 247667",247667,,098971 57305,247665
409,गौशाला सभा चाव मण्डी,"purani, Railway Rd, Chow Mandi, Roorkee, Uttarakhand 247667",247667,https://gaushalasbha.blogspot.com/, ,247665
410,Shri Gopinath ji Gaushala,"Jhiryan Grunt, Uttarakhand 247667",247667,,080571 97051,247665
411,Shri Krishna Goshala Deoband,"MMMM+Q7X, Sarsawa, Deoband, Noorpur Dehat, Uttar Pradesh 247554",247554,, ,247665
412,gaushala dairy,"Sidcul Bypass Rd, near kala gate, Rawali Mahdood, Haridwar, Uttarakhand 249403",249403,, ,247665
413,Mata Bhagwati Gaushala,"Dev Sanskriti Vishwavidyalaya, Haripur Kalan, Haridwar, Motichur Range, Uttarakhand 249411",249411,http://www.dsvv.ac.in/, ,247665
414,Shree Brahma Maheshwar Gaushala,"W5M3+V4J, Mayapur, Haridwar, Uttarakhand 249401",249401,, ,247665
415,Saptrishi Ashram Gaushala,"X5VV+62W, Haripur Kalan, Haridwar, Motichur Range, Uttarakhand 249411",249411,, ,247665
416,Sadhana Sadan Gaushala,"W5J3+32M, Kankhal, Haridwar, Uttarakhand 249408",249408,, ,249408
417,Shree Gyan Ganga Gau Shala,"W5G2+HP3, Unnamed Road, Mohallla Miaria, Kankhal, Haridwar, Uttarakhand 249408",249408,, ,249408
418,Shree Brahma Maheshwar Gaushala,"W5M3+V4J, Mayapur, Haridwar, Uttarakhand 249401",249401,, ,249408
419,Jai Sri Ganga Maa Gaushala Ashram,"Jai Sri Ganga, Maa Gaushala Ashram, Shyampur, Uttarakhand 249408",249408,, ,249408
420,Shiv shakti gaushala,"Anand vihar, Haridwar, Jamalpur Kalan, Uttarakhand 249408",249408,, ,249408
421,Shri Thanaram ashram gaushala,"V54M+68M, Unnamed Road, Sajan Pur Peeli, Pathari Forest Range, Uttarakhand 249408",249408,, ,249408
422,Shree Krishnayan Gaushala - Peeli Padav,"krishnayan gaushala, Peeli Padav, Pathari Forest Range, Uttarakhand 246763",246763,https://www.krishnayangauraksha.org/, ,249408
423,Gaushala Dairy,"Sapt Sarover Marg, Motichur, Haridwar, Motichur Range, Uttarakhand 249411",249411,,097171 01646,249408
424,Shri Krishna Gaushala,"AshaRam Bapuji ashram, Haripur Kalan, Haridwar, Uttarakhand 249411",249411,, ,249408
425,Mata Bhagwati Gaushala,"Dev Sanskriti Vishwavidyalaya, Haripur Kalan, Haridwar, Motichur Range, Uttarakhand 249411",249411,http://www.dsvv.ac.in/, ,249408
426,Saptrishi Ashram Gaushala,"X5VV+62W, Haripur Kalan, Haridwar, Motichur Range, Uttarakhand 249411",249411,, ,249408
427,Shri Krishna Gaushala,"Near, behind Jwalapur Railway Station Road, Jamalpur Kalan, Jwalapur, Haridwar, Uttarakhand 249407",249407,, ,249408
428,Bhagat Singh Gau Seva Dham,"Near, Bhagat Singh Chowk, Shivlok Colony, BHEL Township, Haridwar, Uttarakhand 249407",249407,https://gau-seva-dham.business.site/?utm_source=gmb&utm_medium=referral, ,249408
429,Devansh gaushala,"निकट शिमला देवी गौसेवा धाम, कृणायन गौशाला, निकट गंगा तट, जैंदीन पीर, Haridwar, Uttarakhand 247671",247671,, ,249408
430,SHREE GEETA GOSHALA,"X5RW+69G, Haripur Kalan, Haridwar, Uttarakhand 249411",249411,, ,249408
431,Shree Krishnayan Gaushala (Gaindikhata),"Baso Chandpur, Gaindi Khata, Uttarakhand 246763",246763,https://www.krishnayangauraksha.org/, ,249408
432,Hanny dudh dairy farm [Gaushala],"Ganesh enclave, near jai badri vishal tanki, Aneki Hetmapur, Haridwar, Uttarakhand 249403",249403,,097584 52642,249408
433,Shri Chandra Ganga Gaushala,"Jagjeetpur, Haridwar, Jamalpur Kalan, Uttarakhand 249408",249408,, ,249408
434,Badri Gaushala,"V5GJ+86W, Unnamed Road, Pathari Forest Range, Haridwar, Uttarakhand 249408",249408,, ,249408
435,Shri Kal Bherav Mandir And Gaushala,"asharodi, Kankhal, Haridwar, Uttarakhand 249401",249401,,063985 16426,249408
436,Deep Gaushala dairy farm,"VXMR+5V, Meerpur, near by Patanjali, Sikandarpur, Haridwar, Meerpur Sikandarpur, Uttarakhand 249405",249405,,098773 94870,249405
437,Mata Bhagwati Gaushala,"Dev Sanskriti Vishwavidyalaya, Haripur Kalan, Haridwar, Motichur Range, Uttarakhand 249411",249411,http://www.dsvv.ac.in/, ,249405
438,Gaushala Sabha,"VV9H+2JP, BSM College Road, near Kaushik Pathology Clinic, Chow Mandi, Chand Puri Nagar, Roorkee, Uttarakhand 247667",247667,, ,249405
439,Shree Brahma Maheshwar Gaushala,"W5M3+V4J, Mayapur, Haridwar, Uttarakhand 249401",249401,, ,249405
440,Patanjali Gramodhyog Nyas,"WXCP+WG7, Village Bahadarpur Saini, P.O. Daulatpur, near Bahadrabad, Haridwar, Uttarakhand 249405",249405,http://patanjaligramodhyognyas.com/,01334 240 008,249405
441,Shri Gopinath ji Gaushala,"Jhiryan Grunt, Uttarakhand 247667",247667,,080571 97051,249405
442,Kasi Thevar Goshala,"XWF4+3RM, Kodikulam, Tamil Nadu 625514",625514,, ,625207
443, , ,132103, , ,132103
444,Nandi Goshala,"CF35+24F, colony, Koti, Padiyar Gaon, Uttarakhand 248001",248001,, ,249132
445,Pandit Ramadhare Goshala,"65X7+624, Bhelauji Buzurg, Uttar Pradesh 272208",272208,, ,272203
446,Pandit Ram Adhare Goshala Samiti,"65W6+RV4, Bhelauji Buzurg, Bhelauji Khurd, Uttar Pradesh 272208",272208,, ,272203
447,Shree Krishan Gaushala,"A, 17, Kewal Pk Main Rd, Kewal Park, Azadpur, New Delhi, Delhi, 110033",110033,,078385 12828,110052
448,Gaushala Mandir,"P57G+XW5, Kewal Park, Azadpur, Delhi, 110033",110033,, ,110052
449,Gaushala,"M6XH+57G, Dr KB Hedgewar Marg, New Aruna Colony, Majnu-ka-tilla, New Aruna Nagar, Delhi, 110054",110054,, ,110052
450,Garib Gaushala,"20, Bela Rd, North, Railway Colony, Civil Lines, Delhi, 110006",110006,, ,110052
451,Delhi Pinjarapol Society - Gaushala,"M56X+HHC, Block A-68, Manakpura, Kishan Ganj, New Delhi, Delhi, 110007",110007,http://delhigaushala.com/, ,110052
452,Balaji Gaushala,"P4P3+GFR, Sector 11 Extn, Sector 11, Rohini, Delhi, 110085",110085,,098110 61082,110052
453,Dharam Sangh Gau Sewa Sadan,"2172, Gau Sewa Sadan, Yamuna Bazar, Kashmere Gate, New Delhi, Delhi 110006",110006,https://www.facebook.com/gausewasadan.gaushala,099687 04877,110052
454,Shri Krishna Gaushala,"1428, Maliwara, Nai Sarak, Chandni Chowk, Delhi, 110006",110006,,088606 02163,110052
455,Nandini Gaushala (Gir Cow A2 Milk),"X/1464, Street No. 4, Rajgarh Colony, Delhi, 110031",110031,https://www.facebook.com/A2milkdelhi/, ,110052
456,Shri Krishan Gaushala,"Sultanpur Dabas, kanjhawala, road, Bawana, Delhi 110039",110039,https://www.shrikrishangaushala.org/history/, ,110052
457,"Nagar Nigam Prathmik Vidyalaya, Kishan Ganj, Gaushala Road, Delhi, 6","M56X+R55, Block A-68, Manakpura, Kishan Ganj, Delhi, 110007",110007,, ,110052
458,Gaushala Janakpuri,"Block B, Block B 3A, Janakpuri, New Delhi, Delhi, 110058",110058,, ,110052
459,Haripur gaushala,"Q4VF+G9W, Alipur Village, Delhi, 110036",110036,, ,110052
460,Gau Premi Sewa Sanstha Gaushala,"Block H, Ganga Vihar, Gokalpur, New Delhi, Delhi, Uttar Pradesh 110094",110094,, ,110052
461,Gaushala bawana,"Q2HC+FGR, Shri Krishna Gaushala Sultanpur Dabas, Salahpur Majra Village, Delhi, 110039",110039,, ,110052
462,Pandi Ji Ki Gaushala,"Pandit Ji Ki Gaushala, Laksar Rd, Kirti Nagar, Dhandera, Roorkee, Uttarakhand 247667",247667,,092591 93824,247666
463,Gaushala Sabha,"VV9H+2JP, BSM College Road, near Kaushik Pathology Clinic, Chow Mandi, Chand Puri Nagar, Roorkee, Uttarakhand 247667",247667,, ,247666
464,Shree Gaurksh Nath Gaushala,"RW7R+HG6, Haridwar, Uttarakhand 247664",247664,, ,247666
465,गौशाला सभा चाव मण्डी,"purani, Railway Rd, Chow Mandi, Roorkee, Uttarakhand 247667",247667,https://gaushalasbha.blogspot.com/, ,247666
466,Ram Krishna Gaushala,"VWW9+W57, Bhuryan puram, Bajuhari, Roorkee, Uttarakhand 247667",247667,,098971 57305,247666
467,Gaushala Sabha Regi. Landhaura,"RW7R+GGV, Haridwar, Uttarakhand 247664",247664,, ,247666
468,Devansh gaushala,"निकट शिमला देवी गौसेवा धाम, कृणायन गौशाला, निकट गंगा तट, जैंदीन पीर, Haridwar, Uttarakhand 247671",247671,, ,247671
469,Shree Krishnayan Gaushala (Gaindikhata),"Baso Chandpur, Gaindi Khata, Uttarakhand 246763",246763,https://www.krishnayangauraksha.org/, ,247671
470,Guruji ka farm Shivalay & Gaushala,"House No. 513, South City I, Sector 36, Gurugram, Haryana 122001",122001,, ,122001
471,Radha Krishna gaushala,"Park Way Rd, Bhawani Enclave, Sector 9, Gurugram, Haryana 122001",122001,, ,122001
472,Shree Gausala,"636, Delhi Road, Prem Nagar, Sector 13, Gurugram, Haryana 122001",122001,,0124 232 2304,122001
473,Shri Himgiri Gaushala,"C3W2+CHW, Jharsa, Saini Pura, Sector 39, Gurugram, Haryana 122022",122022,, ,122001
474,Best PackersGoshala,"F27M+H67, Delhi Rd, Gopal Nagar, Adarsh Nagar, Sector 12, Gurugram, Haryana 122006",122006,, ,122001
475,Pradeep Gaushala,"near FLY OVER, Bhawani Enclave, Sector 9, Gurugram, Haryana 122001",122001,, ,122001
476,Shri Krishna Gaushala,"C2GF+QMQ, Sector 72A, Sector 33, Gurugram, Haryana 122018",122018,, ,122001
477,Shri Vishnu goshala,"Sector 47, Subhash Chowk, near Wine Shop, Sector 33, Gurugram, Haryana 122001",122001,, ,122001
478,Nandi Dham Gaushala,"F2WF+F4H, Carterpuri Rd, Ashok Vihar Phase III Extension, Gurugram, Haryana 122001",122001,, ,122001
479,Kamdhenu Goshala,"XH8Q+C3P, Tikra Para, Sanut Khanda, West Bengal 721440",721440,, ,721439
480,Neamatpur gir gaushala,"Sodepur Village Main Rd, Sodepur, West Bengal 713360",713360,,094743 09855,713333
481,Asansol Gaushala,"MXJF+P5F, Pathak Bari, Asansol, West Bengal 713301",713301,, ,713333
482,Raniganj Gaushala (Kolkata Pinjrapole Society,"Near, Hatia Talaw, Raniganj, West Bengal 713347",713347,,0341 244 4759,713333
483,Dairy Farm,"MRW8+M8W, Dishergarh, West Bengal 713333",713333,, ,713333
484,Temple Goshala,"Swamy Konda Front, Mandalam, Yanamalakuduru, Ramalingeswara Nagar, Penamaluru, Vijayawada, Andhra Pradesh 520007",520007,, ,520008
485,Goshala,"FMMP+GM3, Goshala Road, Ashok Nagar, Dhok, Vijayawada, Rajasthan 520007",520007,"https://www.google.com/travel/hotels/gaushalas%20at%20520008/entity/CgoItrmOs8nI7YlJEAE/prices?g2lb=4814050,4874190,4893075,4965990,10210221,72277293,72302247,72317059,72406588,72414906,72421566,72462234,72471280,72472051,72473841,72481459,72485658,72486593,72494250,72513513,72536387,72538597,72549171,72570850,72586335,72597757,72597926,72602734,72606237,72616120,72618893,72619172,72619935,72620306,72626061&hl=en-IN&gl=in&cs=1&ssta=1&q=gaushalas+at+520008&ts=CAEaKwopEicyJTB4M2EzNWZiMTEzMTAxMTllMzoweDQ5MTNiNjQ0OTY2MzljYjY&rp=OAJAAEgBwAEC&ictx=1&sa=X&ved=2ahUKEwigwKyC6NeGAxVOXGwGHfYrCfYQrK0LegQIAxAC", ,520008
486,Goshala,"76-8-6/3, Swathi Theatre Rd, opp. andhra bank, Housing Board Colony, Vijayawada, Andhra Pradesh 520012",520012,, ,520008
487,Goshala,"76-8-6/3, Swathi Theatre Rd, opp. andhra bank, Housing Board Colony, Vijayawada, Andhra Pradesh 520012",520012,, ,520013
488,Temple Goshala,"Swamy Konda Front, Mandalam, Yanamalakuduru, Ramalingeswara Nagar, Penamaluru, Vijayawada, Andhra Pradesh 520007",520007,, ,520013
489,Sri Rama Gosala,"NTR Complex, Byreddy Ramanna St, Governor Peta, Vijayawada, Andhra Pradesh 520002",520002,, ,520013
490,Gosala,"GJ74+PQM, Arjuna St, Durga Agraharam, Mallikarjunapeta, Vijayawada, Andhra Pradesh 520001",520001,, ,520013
491,Goshala,"FMMP+GM3, Goshala Road, Ashok Nagar, Dhok, Vijayawada, Rajasthan 520007",520007,"https://www.google.com/travel/hotels/gaushalas%20at%20520013/entity/CgoItrmOs8nI7YlJEAE/prices?g2lb=4814050,4874190,4893075,4965990,10210221,72277293,72302247,72317059,72406588,72414906,72421566,72462234,72471280,72472051,72473841,72481459,72485658,72486593,72494250,72513513,72536387,72538597,72549171,72570850,72586335,72597757,72597926,72602734,72606237,72616120,72618893,72619172,72619935,72620306,72626061&hl=en-IN&gl=in&cs=1&ssta=1&q=gaushalas+at+520013&ts=CAEaKwopEicyJTB4M2EzNWZiMTEzMTAxMTllMzoweDQ5MTNiNjQ0OTY2MzljYjY&rp=OAJAAEgBwAEC&ictx=1&sa=X&ved=2ahUKEwiF7sab6NeGAxX0SmwGHeo0AKYQrK0LegQIAxAC", ,520013
492,SJS Gaushala,"JJ49+F46, next to Grama Sachivalayam, Kotthur Tadepalli, Vijayawada, Tadepalle, Andhra Pradesh 520012",520012,https://sjstrust.in/, ,520013
493,Murali Goshala,"CF95+7HX, Tadikonda, Andhra Pradesh 522236",522236,, ,520013
494,Goshala,"FMMP+GM3, Goshala Road, Ashok Nagar, Dhok, Vijayawada, Rajasthan 520007",520007,"https://www.google.com/travel/hotels/gaushalas%20at%20521137/entity/CgoItrmOs8nI7YlJEAE/prices?g2lb=4814050,4874190,4893075,4965990,10210221,72277293,72302247,72317059,72406588,72414906,72421566,72462234,72471280,72472051,72473841,72481459,72485658,72486593,72494250,72513513,72536387,72538597,72549171,72570850,72586335,72597757,72597926,72602734,72606237,72616120,72618893,72619172,72619935,72620306,72626061&hl=en-IN&gl=in&cs=1&ssta=1&q=gaushalas+at+521137&ts=CAEaKwopEicyJTB4M2EzNWZiMTEzMTAxMTllMzoweDQ5MTNiNjQ0OTY2MzljYjY&rp=OAJAAEgBwAEC&ictx=1&sa=X&ved=2ahUKEwiw76qm6NeGAxXabWwGHbSUB_QQrK0LegQIAxAC", ,521137
495,Temple Goshala,"Swamy Konda Front, Mandalam, Yanamalakuduru, Ramalingeswara Nagar, Penamaluru, Vijayawada, Andhra Pradesh 520007",520007,, ,521137
496,Goshala,"76-8-6/3, Swathi Theatre Rd, opp. andhra bank, Housing Board Colony, Vijayawada, Andhra Pradesh 520012",520012,, ,521137
497,Goshala,"76-8-6/3, Swathi Theatre Rd, opp. andhra bank, Housing Board Colony, Vijayawada, Andhra Pradesh 520012",520012,, ,521137
498,SRI GOSALITES NEET LONGTERM,"FPXC+2QV, Poranki Rural, Andhra Pradesh 521137",521137,, ,521137
499,Murali Goshala,"CF95+7HX, Tadikonda, Andhra Pradesh 522236",522236,, ,521137
500,Gayathri Cool Drinks,"Door No.4, 61, Gosala - Vanukuru Rd, Gosala, Andhra Pradesh 521151",521151,, ,521137
501,Vasudeva Goshala,"Dr.No.24/137, Five Road Centre, Chakirevu Palem, Machilipatnam, Andhra Pradesh 521001",521001,,086722 23545,521137
502,Gosalite medical academy junior girls campus,"Vijayawada, Poranki Rural, Andhra Pradesh 521137",521137,,1800 102 3344,521137
503,Srimad JagadGuru Madwacharya GoVignana Kendram,"762/d, Seetharamapuram, Andhra Pradesh 521162",521162,http://www.gaunaturals.com/,090323 77776,521137
504,Goshala,"Ramanaidupet, Machilipatnam, Andhra Pradesh 521001",521001,, ,521137
505,Sri Chaitanya GIRLS Junior College.,"Saraswathi Soudham, 1-2/4, near sri chaitanya mahila kalashala, Chaitanya Nagar, Tadigadapa, Poranki, Vijayawada, Andhra Pradesh 521137",521137,,091002 45456,521137
506,Goshaala,"FM6J+QX7, Pedapulipaka, Andhra Pradesh 521137",521137,, ,521137
507,Asansol Gaushala,"MXJF+P5F, Pathak Bari, Asansol, West Bengal 713301",713301,, ,713339
508,Raniganj Gaushala (Kolkata Pinjrapole Society,"Near, Hatia Talaw, Raniganj, West Bengal 713347",713347,,0341 244 4759,713339
509,Jai Maa Bhawani Goshala,"Bhanora More Pahar Bera Club Barabani, Asansol, West Bengal 713334",713334,,073846 79952,713339
510,Asansol Gaushala,"MXJF+P5F, Pathak Bari, Asansol, West Bengal 713301",713301,, ,713341
511,Gaushala gimuhan Hamirpur,"X32Q+7M, Kanauta Danda, Uttar Pradesh 210301",210301,, ,210501
512,Gaushala Mahera,"PVV2+4HH, Mahera, Uttar Pradesh 210501",210501,, ,210501
513,Surha Gaushala,"GWCW+5C2, Surha, Uttar Pradesh 210425",210425,, ,210501
514,Surha Gaushala,"Ainchana, Road, Surha, Uttar Pradesh 210425",210425,, ,210501
515,VEDIK FARMS Goshala,"32C8+7JV, Satara, Maharashtra 415001",415001,,096238 08016,415001
516,Prabhuji Ka Parivaar Gaushala,"WGMM+843, SH 57, Rohit Vihar, Saharanpur, Chiruki, Uttar Pradesh 247001",247001,http://www.facebook.com/prabhujikaparivaar,0132 651 6555,210126
517,GAUSHALA,"Gaushala Rd, Ram Jivan Nagar, Saharanpur, Uttar Pradesh 247001",247001,, ,210126
518,Mata Bhagwati Gaushala,"Dev Sanskriti Vishwavidyalaya, Haripur Kalan, Haridwar, Motichur Range, Uttarakhand 249411",249411,http://www.dsvv.ac.in/, ,210126
519,Gaushala Chhachhrauli,"69X7+5PX, Haryana 135001",135001,, ,210126
520,Radha Surabhi Goshala,"GFMV+239, Uttar Pradesh 281504",281504,http://www.radhasurabhi.com/,099276 68182,210126
521,Shri Rambag Gaushala,"8RJX+7QG, Ram Bagh Rd, Gandhi Nagar, Ambala Cantt, Ambala Sadar, Haryana 133001",133001,,0171 269 0111,210126
522,Shri Krishan Gaushala,"Sultanpur Dabas, kanjhawala, road, Bawana, Delhi 110039",110039,https://www.shrikrishangaushala.org/history/, ,210126
523,Gaushala,"MF7R+JQP, Mahedu, Uttar Pradesh 210123",210123,, ,210126
524,Shri Panchayati Gaushala,"V3M5+P57, Khair - Aligarh Rd, Delhi Gate, Nagla Masani, Aligarh, Uttar Pradesh 202001",202001,,094122 74810,210126
525,Gaushala,"W7Q4+W8, Bapsaura, Uttar Pradesh 212631",212631,, ,210126
526,Gaushala,"593R+WV4, Main Road, Firozabad, Firozabad, Uttar Pradesh 283203",283203,, ,210126
527,Yogiraj shrikrishna gaushala (reg.),"Bainkheda Between rohta to malpura nahar, Uttar Pradesh 283102",283102,, ,210126
528,Gaushala Burhwan,"382X+9RQ, Sari Dharampur, Uttar Pradesh 212659",212659,, ,210126
529,Sanukhar Gaushala,"Village, Saunkhar Rd, Sumerpur Rural, Saukher, Uttar Pradesh 210502",210502,, ,210126
530,Gaushala Tilsaras,"P658+R8H, Tilsaras, Uttar Pradesh 210507",210507,, ,210126
531,Shri Krishan Gaushala,"14/12, 14/14, New Shahganj Rd, Opp. Kothi Meena Bazar, Kothi Meena Bazaar, Shahganj, Agra, Uttar Pradesh 282010",282010,,0562 221 3127,210126
532,Fauji Gaushala,"Vill Gangupur PO Gajna, Teh, Bilhaur, Uttar Pradesh 209202",209202,,099354 61600,210126
533,Dayalbagh Gaushala,"62G5+PV5, Anupam Bagh, DayalBagh, Agra, Uttar Pradesh 282005",282005,, ,210126
534,Gaushala bawana,"Q2HC+FGR, Shri Krishna Gaushala Sultanpur Dabas, Salahpur Majra Village, Delhi, 110039",110039,, ,210126
535,Gopal gaushala,"CPRC+888, Gokul, Mahaban Bangar, Uttar Pradesh 281303",281303,, ,210126
536,Krishna Gau Sewak Charitable Trust - Gaushala,"Railway Station, Mahestikri NH -2, beside Himandri Chemical, near Chandanpur, Hooghly, West Bengal 712223",712223,http://krishnagausewak.com/, ,712409
537,Jalaghata Post Office,"Singur, Purusattampur, West Bengal 712409",712409,http://www.indiapost.gov.in/,1800 11 2011,712409
538,"RADHE KRISHNA MANDIR, GAUSHALA","4VQ4+VG2, Gupha Tekdi, Jogeshwari East, Mumbai, Maharashtra 400060",400060,, ,400053
539,Amruthdhara Goushala,"910/2C, ""Brindaban"",Poonam Nagar, Andheri (East), Mumbai, Maharashtra 400093",400093,,098211 10142,400053
540,Shree Ram Gaushala and Milk Centre,"Ram Mandir Station Road, Near Lodha florenza, Mumbai, Maharashtra 400063",400063,,088798 17475,400053
541,Gaushala,"3, Kishan Zakeria Rd, near Satra Traders, Malad, Navy Colony, Mamledarwadi, Malad West, Mumbai, Maharashtra 400064",400064,, ,400053
542,Gaushala,"5VJ9+4HH vitbhaticha vighanahartha, Malad, Panch Bawadi, Malad East, Mumbai, Maharashtra 400097",400097,, ,400053
543,Gaushala,"XR3H+VHG, Marine Lines East, Panjarpole, Bhuleshwar, Mumbai, Maharashtra 400002",400002,, ,400053
544,Sanyas Ashram Gaushala,"16, Babulnath Rd, Babulnath, Khareghat Colony, Gamdevi, Mumbai, Maharashtra 400004",400004,, ,400053
545,Shri Mumbai Panjrapole,"Panjrapole gaushala harkami chawl shop no. 3 near by, Cawasji Patel Tank, Mumbai, Maharashtra 400004",400004,http://www.bombaypanjrapole.org.in/contactus.html,022 2242 5493,400053
546,Shri Mumbai Panjrapole,"Panjrapole gaushala harkami chawl shop no. 3 near by, Cawasji Patel Tank, Mumbai, Maharashtra 400004",400004,http://www.bombaypanjrapole.org.in/contactus.html,022 2242 5493,400001
547,Gaushala,"XR3H+VHG, Marine Lines East, Panjarpole, Bhuleshwar, Mumbai, Maharashtra 400002",400002,, ,400001
548,Madhav Baug Gau Shala,"XR3G+WGQ, Madhav Baug ,Charni Road(East), Cawasji Patel Tank Rd, Gulal Wadi, Bhuleshwar, Mumbai, Maharashtra 400004",400004,, ,400001
549,Sanyas Ashram Gaushala,"16, Babulnath Rd, Babulnath, Khareghat Colony, Gamdevi, Mumbai, Maharashtra 400004",400004,, ,400001
550,THE RAINBOWLS *KRISHNA GAUSHALA*,"Office - 8, Shakuntal, Sahitya Sahwas Society, Kala Nagar, Bandra East, Mumbai, Maharashtra 400051",400051,http://www.therainbowls.com/, ,400001
551,Pinjrapole Jalpaiguri Goshala,"GPX5+55Q, Denguajhar, Jalpaiguri, West Bengal 735101",735101,, ,735224
552,Goshala, ,735224, , ,735224
553,Gosala mandir,"Bus Stop, Goshala, Jalpaiguri, West Bengal 735121",735121,, ,735224
554,Goshala Truck Ground,"GPW5+V69, Namita Road, SH12A, Jalpaiguri, West Bengal 735101",735101,, ,735224
555,Shoni mandir,"GPW5+PPC, Goshala More Road., Jalpaiguri, West Bengal 735101",735101,, ,735224
556,Gosala mini park,"GPX5+758, Denguajhar, Jalpaiguri, West Bengal 735101",735101,, ,735224
557,Goshala Bus Stop,"Jalpaiguri, West Bengal 735101",735101,, ,735224
558,Shri Darjeeling Siliguri Gaushala,"PC2F+GW4, East Milanpally, Siliguri, West Bengal 734004",734004,, ,735224
559,Goushala,"36, 36, Shiv Mandir Rd, Ward 13, Shibrampally, Siliguri, West Bengal 734001",734001,, ,735224
560,Babupara Goshala,"PC2F+9MV, East Milanpally, Babupara, Siliguri, West Bengal 734004",734004,, ,735224
561,Goshala,"8QRM+WHG, Goshala Rd, Haldibari, West Bengal 735122",735122,, ,735132
562,Pinjrapole Jalpaiguri Goshala,"GPX5+55Q, Denguajhar, Jalpaiguri, West Bengal 735101",735101,, ,735132
563,Goshala, ,735132, , ,735132
564,Gosala mandir,"Bus Stop, Goshala, Jalpaiguri, West Bengal 735121",735121,, ,735132
565,Goshala Truck Ground,"GPW5+V69, Namita Road, SH12A, Jalpaiguri, West Bengal 735101",735101,, ,735132
566,Goshala Shiv mandir,"8QVM+2FP, Goshala Rd, Haldibari, West Bengal 735122",735122,, ,735132
567,Shoni mandir,"GPW5+PPC, Goshala More Road., Jalpaiguri, West Bengal 735101",735101,, ,735132
568,Goshala Bus Stop,"Jalpaiguri, West Bengal 735101",735101,, ,735132
569,Pinjrapole Jalpaiguri Goshala,"GPX5+55Q, Denguajhar, Jalpaiguri, West Bengal 735101",735101,, ,735133
570,Goshala, ,735133, , ,735133
571,Gosala mandir,"Bus Stop, Goshala, Jalpaiguri, West Bengal 735121",735121,, ,735133
572,Goshala Truck Ground,"GPW5+V69, Namita Road, SH12A, Jalpaiguri, West Bengal 735101",735101,, ,735133
573,Shoni mandir,"GPW5+PPC, Goshala More Road., Jalpaiguri, West Bengal 735101",735101,, ,735133
574,Shri Darjeeling Siliguri Gaushala,"PC2F+GW4, East Milanpally, Siliguri, West Bengal 734004",734004,, ,735133
575,Goshala Bus Stop,"Jalpaiguri, West Bengal 735101",735101,, ,735133
576,Babupara Goshala,"PC2F+9MV, East Milanpally, Babupara, Siliguri, West Bengal 734004",734004,, ,735133
577,Gosala mini park,"GPX5+758, Denguajhar, Jalpaiguri, West Bengal 735101",735101,, ,735133
578,Goushala,"36, 36, Shiv Mandir Rd, Ward 13, Shibrampally, Siliguri, West Bengal 734001",734001,, ,735133
579,Shri Vanshidhar Gaushala,"Airforce Station Road Bhisiana, District Bathinda, Killi Nihal Singhwali, Punjab 151001",151001,http://gaugoogle.com/,092163 73270,151001
580,Shri Gaushala (Regd.),"6W2P+F54, sirki bazar, Telian Wala Mohalla, Old City, Bathinda, Punjab 151005",151005,,0164 223 7815,151001
581,Gaushala,"Telian Wala Mohalla, Old City, Bathinda, Punjab 151005",151005,, ,151001
582,Gau Sadan Gaushala,"5WGP+J8, Housefed Colony, Bathinda, Punjab 151001",151001,, ,151001
583,Bhagwan Shri Chand Gaushala,"Near Mukatsar Bridge, Malout Road, opp. School, Bathinda, Punjab 151002",151002,,094641 07624,151001
584,Bal Gopal Gaushaala,"5WHQ+M3Q, Lal Singh Nagar, Bathinda, Punjab 151001",151001,, ,151001
585,Sati Laxmi Devi Gaushala,"R676+X46, Guru Teg Bahadur Colony, Batala, Punjab 143505",143505,, ,143505
